id,storage_provider_id,realm_id
f:baada8b1-e62e-44c4-a14d-6702ea90f496:b23f077d-91b2-4a1c-b534-e0ee33824e55,baada8b1-e62e-44c4-a14d-6702ea90f496,sunbird
f:baada8b1-e62e-44c4-a14d-6702ea90f496:3d431cb1-47bf-4fe6-a7c6-c074efd65467,baada8b1-e62e-44c4-a14d-6702ea90f496,sunbird
f:baada8b1-e62e-44c4-a14d-6702ea90f496:17582125-7182-4fe9-ac7e-e978b8a0c778,baada8b1-e62e-44c4-a14d-6702ea90f496,sunbird
f:baada8b1-e62e-44c4-a14d-6702ea90f496:ab9dc703-d9cf-4b3c-8e24-2040fa79c569,baada8b1-e62e-44c4-a14d-6702ea90f496,sunbird
f:baada8b1-e62e-44c4-a14d-6702ea90f496:678a89e3-2bbc-4fb5-b544-1cb754cb3632,baada8b1-e62e-44c4-a14d-6702ea90f496,sunbird
f:baada8b1-e62e-44c4-a14d-6702ea90f496:3e67bdcd-761c-47a4-a393-cbb560eeef83,baada8b1-e62e-44c4-a14d-6702ea90f496,sunbird
f:baada8b1-e62e-44c4-a14d-6702ea90f496:c97c935c-80cd-459a-ae0b-6d8577f0de4e,baada8b1-e62e-44c4-a14d-6702ea90f496,sunbird
f:baada8b1-e62e-44c4-a14d-6702ea90f496:2121047d-886f-43e8-835e-78930468c0cd,baada8b1-e62e-44c4-a14d-6702ea90f496,sunbird
f:baada8b1-e62e-44c4-a14d-6702ea90f496:e5c4b0ab-94eb-4fd3-b21d-8a0d54616316,baada8b1-e62e-44c4-a14d-6702ea90f496,sunbird
f:baada8b1-e62e-44c4-a14d-6702ea90f496:5c1fe3fd-8a8d-4b6c-bc44-8c0c1c450be0,baada8b1-e62e-44c4-a14d-6702ea90f496,sunbird
f:baada8b1-e62e-44c4-a14d-6702ea90f496:826fa416-4828-425b-afc1-eceefc00ed17,baada8b1-e62e-44c4-a14d-6702ea90f496,sunbird
f:baada8b1-e62e-44c4-a14d-6702ea90f496:1e546b52-dbdb-4dbd-91c1-be6fce6dc6d1,baada8b1-e62e-44c4-a14d-6702ea90f496,sunbird
f:baada8b1-e62e-44c4-a14d-6702ea90f496:5158d32f-ace6-41ea-9867-5164f8a0dc39,baada8b1-e62e-44c4-a14d-6702ea90f496,sunbird
f:baada8b1-e62e-44c4-a14d-6702ea90f496:fb9db481-720f-4383-a005-27fcb19a112e,baada8b1-e62e-44c4-a14d-6702ea90f496,sunbird
f:baada8b1-e62e-44c4-a14d-6702ea90f496:45a67620-c652-441f-8339-25717527692d,baada8b1-e62e-44c4-a14d-6702ea90f496,sunbird
f:baada8b1-e62e-44c4-a14d-6702ea90f496:95ecae7c-b64f-446e-8475-337ea3e6fc5d,baada8b1-e62e-44c4-a14d-6702ea90f496,sunbird
f:baada8b1-e62e-44c4-a14d-6702ea90f496:cfd46486-58fd-439a-a0c4-a58192d00b78,baada8b1-e62e-44c4-a14d-6702ea90f496,sunbird
f:baada8b1-e62e-44c4-a14d-6702ea90f496:eb39fb1a-600c-47cf-a2fd-0b9b7bbf86fe,baada8b1-e62e-44c4-a14d-6702ea90f496,sunbird
f:baada8b1-e62e-44c4-a14d-6702ea90f496:dcdeae15-74ca-4ec1-b886-5c73a3d55240,baada8b1-e62e-44c4-a14d-6702ea90f496,sunbird
f:baada8b1-e62e-44c4-a14d-6702ea90f496:5ce7d485-4de1-4707-bad6-fb14d491ca08,baada8b1-e62e-44c4-a14d-6702ea90f496,sunbird
f:baada8b1-e62e-44c4-a14d-6702ea90f496:4eb3aed6-8a42-444a-8243-1aaddee1d837,baada8b1-e62e-44c4-a14d-6702ea90f496,sunbird
f:baada8b1-e62e-44c4-a14d-6702ea90f496:fc0f04aa-609e-48c3-8d45-30a32e0249de,baada8b1-e62e-44c4-a14d-6702ea90f496,sunbird
f:baada8b1-e62e-44c4-a14d-6702ea90f496:4ac0c9ea-f620-4f12-be3f-228bad568c7d,baada8b1-e62e-44c4-a14d-6702ea90f496,sunbird
f:baada8b1-e62e-44c4-a14d-6702ea90f496:1df41f26-0188-4e0e-ab1a-0bd0f8617899,baada8b1-e62e-44c4-a14d-6702ea90f496,sunbird
f:baada8b1-e62e-44c4-a14d-6702ea90f496:78d19063-5830-4f0a-b1ba-c48dd7c3b718,baada8b1-e62e-44c4-a14d-6702ea90f496,sunbird
f:baada8b1-e62e-44c4-a14d-6702ea90f496:ca48e4a3-3a6f-484b-8841-beb9cf731461,baada8b1-e62e-44c4-a14d-6702ea90f496,sunbird
f:baada8b1-e62e-44c4-a14d-6702ea90f496:5f91af01-58c8-4238-abe5-9407d8fa391c,baada8b1-e62e-44c4-a14d-6702ea90f496,sunbird
f:baada8b1-e62e-44c4-a14d-6702ea90f496:434644b5-37c7-465c-90b5-13580d0626c8,baada8b1-e62e-44c4-a14d-6702ea90f496,sunbird
f:baada8b1-e62e-44c4-a14d-6702ea90f496:0fec8108-2d55-495f-b0ff-95c79d3b8cc6,baada8b1-e62e-44c4-a14d-6702ea90f496,sunbird
f:baada8b1-e62e-44c4-a14d-6702ea90f496:efa19c82-f0ad-4a69-a7cf-84e356d43ece,baada8b1-e62e-44c4-a14d-6702ea90f496,sunbird
f:baada8b1-e62e-44c4-a14d-6702ea90f496:5c472ca9-3ed5-4e31-a069-757f80c34d59,baada8b1-e62e-44c4-a14d-6702ea90f496,sunbird
f:baada8b1-e62e-44c4-a14d-6702ea90f496:54ad31f1-1034-479a-889a-8d7d77312176,baada8b1-e62e-44c4-a14d-6702ea90f496,sunbird
f:baada8b1-e62e-44c4-a14d-6702ea90f496:abc8a2fc-fd88-42a1-9c4b-a25b1e33aa96,baada8b1-e62e-44c4-a14d-6702ea90f496,sunbird
f:baada8b1-e62e-44c4-a14d-6702ea90f496:7fe46e28-2597-4584-a062-2ad91c60511c,baada8b1-e62e-44c4-a14d-6702ea90f496,sunbird
f:baada8b1-e62e-44c4-a14d-6702ea90f496:aa5d3877-5e9a-4969-85e0-049fcfe0531d,baada8b1-e62e-44c4-a14d-6702ea90f496,sunbird
f:baada8b1-e62e-44c4-a14d-6702ea90f496:f99ada24-6bd6-47a5-b646-75f2982cbe81,baada8b1-e62e-44c4-a14d-6702ea90f496,sunbird
f:baada8b1-e62e-44c4-a14d-6702ea90f496:1a37316a-ec9a-4271-917e-ba75b7841339,baada8b1-e62e-44c4-a14d-6702ea90f496,sunbird
f:baada8b1-e62e-44c4-a14d-6702ea90f496:6f540ae8-7db7-4505-be20-c3d56e3efe72,baada8b1-e62e-44c4-a14d-6702ea90f496,sunbird
f:baada8b1-e62e-44c4-a14d-6702ea90f496:50bbf22a-a22a-4709-80d5-fbfd0f13cf0e,baada8b1-e62e-44c4-a14d-6702ea90f496,sunbird
f:baada8b1-e62e-44c4-a14d-6702ea90f496:9c05d1ec-b413-4551-9fb1-bdc2a0783659,baada8b1-e62e-44c4-a14d-6702ea90f496,sunbird
f:baada8b1-e62e-44c4-a14d-6702ea90f496:1c7c3d70-ae86-4353-96a4-4e9b1b92f743,baada8b1-e62e-44c4-a14d-6702ea90f496,sunbird
f:baada8b1-e62e-44c4-a14d-6702ea90f496:4b1ce655-21db-44f1-9105-c4bb3cef32b9,baada8b1-e62e-44c4-a14d-6702ea90f496,sunbird
f:baada8b1-e62e-44c4-a14d-6702ea90f496:f5b640a1-9b6a-4c4f-9f1f-75ff96f3bcc6,baada8b1-e62e-44c4-a14d-6702ea90f496,sunbird
f:baada8b1-e62e-44c4-a14d-6702ea90f496:56d246dc-eb8f-46a6-976f-bb813f3904fc,baada8b1-e62e-44c4-a14d-6702ea90f496,sunbird
f:baada8b1-e62e-44c4-a14d-6702ea90f496:2acbc5c2-f5b1-462f-a0c2-919e71238f3d,baada8b1-e62e-44c4-a14d-6702ea90f496,sunbird
f:baada8b1-e62e-44c4-a14d-6702ea90f496:b0609c4a-6ee3-4193-a5e3-3a9fce765dbd,baada8b1-e62e-44c4-a14d-6702ea90f496,sunbird
f:baada8b1-e62e-44c4-a14d-6702ea90f496:bd100483-6dde-40d6-b0e3-0990736e110a,baada8b1-e62e-44c4-a14d-6702ea90f496,sunbird
f:baada8b1-e62e-44c4-a14d-6702ea90f496:138d4098-6638-4fc9-8c61-04401f6f8c1b,baada8b1-e62e-44c4-a14d-6702ea90f496,sunbird
f:baada8b1-e62e-44c4-a14d-6702ea90f496:6778cc2b-8075-49a4-9e7d-deafa4d0d9ef,baada8b1-e62e-44c4-a14d-6702ea90f496,sunbird
f:baada8b1-e62e-44c4-a14d-6702ea90f496:bf6053b7-df28-49ce-96dd-41219f7b1112,baada8b1-e62e-44c4-a14d-6702ea90f496,sunbird
f:baada8b1-e62e-44c4-a14d-6702ea90f496:bbcb7d62-9419-43ab-83a5-afbbb8c08349,baada8b1-e62e-44c4-a14d-6702ea90f496,sunbird
f:baada8b1-e62e-44c4-a14d-6702ea90f496:f63bbdd0-be72-4950-adbe-36751eda145d,baada8b1-e62e-44c4-a14d-6702ea90f496,sunbird
f:baada8b1-e62e-44c4-a14d-6702ea90f496:b2898a75-44bc-473b-8a54-78e712c4aa44,baada8b1-e62e-44c4-a14d-6702ea90f496,sunbird
f:baada8b1-e62e-44c4-a14d-6702ea90f496:a2a6bfb0-6428-4bba-9fdd-f23687e83be8,baada8b1-e62e-44c4-a14d-6702ea90f496,sunbird
f:baada8b1-e62e-44c4-a14d-6702ea90f496:363196a9-f131-49f7-a6e4-24814f8c338c,baada8b1-e62e-44c4-a14d-6702ea90f496,sunbird
f:baada8b1-e62e-44c4-a14d-6702ea90f496:e3bafe6d-446d-4e32-a7c8-50d73fef1d18,baada8b1-e62e-44c4-a14d-6702ea90f496,sunbird
f:baada8b1-e62e-44c4-a14d-6702ea90f496:7c69f406-a5b0-48b2-aa41-bdda42a4b7ce,baada8b1-e62e-44c4-a14d-6702ea90f496,sunbird
f:baada8b1-e62e-44c4-a14d-6702ea90f496:7cdc45d4-e672-4828-9874-25fbf4d7e6c6,baada8b1-e62e-44c4-a14d-6702ea90f496,sunbird
f:baada8b1-e62e-44c4-a14d-6702ea90f496:c527fe81-7c1d-4c03-abec-896c0683d447,baada8b1-e62e-44c4-a14d-6702ea90f496,sunbird
f:baada8b1-e62e-44c4-a14d-6702ea90f496:98770159-2e99-4c2a-8f27-a1c09365104a,baada8b1-e62e-44c4-a14d-6702ea90f496,sunbird
f:baada8b1-e62e-44c4-a14d-6702ea90f496:2d709323-b0a9-4f6c-8208-500b510b312e,baada8b1-e62e-44c4-a14d-6702ea90f496,sunbird
f:baada8b1-e62e-44c4-a14d-6702ea90f496:316de3f8-a70d-49a4-9ca8-d9de05f2e51b,baada8b1-e62e-44c4-a14d-6702ea90f496,sunbird
f:baada8b1-e62e-44c4-a14d-6702ea90f496:fa227a41-69fb-4352-9e85-46a8a8bf1db8,baada8b1-e62e-44c4-a14d-6702ea90f496,sunbird
f:baada8b1-e62e-44c4-a14d-6702ea90f496:6d70247f-5891-4032-bb07-ebd6b53b22c2,baada8b1-e62e-44c4-a14d-6702ea90f496,sunbird
f:baada8b1-e62e-44c4-a14d-6702ea90f496:a36afb4f-dcde-4de9-b0b6-7f532e5607fd,baada8b1-e62e-44c4-a14d-6702ea90f496,sunbird
f:baada8b1-e62e-44c4-a14d-6702ea90f496:cefb863f-5672-4e9e-89af-5d9e5e81abf2,baada8b1-e62e-44c4-a14d-6702ea90f496,sunbird
f:baada8b1-e62e-44c4-a14d-6702ea90f496:2a383ace-61e4-4e26-9bb9-de8706ee334d,baada8b1-e62e-44c4-a14d-6702ea90f496,sunbird
f:baada8b1-e62e-44c4-a14d-6702ea90f496:93c6ca59-0e46-4fe6-834e-4b19de652ba2,baada8b1-e62e-44c4-a14d-6702ea90f496,sunbird
f:baada8b1-e62e-44c4-a14d-6702ea90f496:4ac85f52-403a-4211-b078-2c08ded040c9,baada8b1-e62e-44c4-a14d-6702ea90f496,sunbird
f:baada8b1-e62e-44c4-a14d-6702ea90f496:ab7e2621-e622-408c-853d-b6f65acbca8c,baada8b1-e62e-44c4-a14d-6702ea90f496,sunbird
f:baada8b1-e62e-44c4-a14d-6702ea90f496:57cb5ec6-a1ce-4705-a985-596570f20a34,baada8b1-e62e-44c4-a14d-6702ea90f496,sunbird
f:baada8b1-e62e-44c4-a14d-6702ea90f496:2384fa51-0370-4ae2-9507-ae7bda97cb1a,baada8b1-e62e-44c4-a14d-6702ea90f496,sunbird
f:baada8b1-e62e-44c4-a14d-6702ea90f496:e0bf13b9-9865-43e8-9efc-978318487489,baada8b1-e62e-44c4-a14d-6702ea90f496,sunbird
f:baada8b1-e62e-44c4-a14d-6702ea90f496:d8df274a-f96d-4215-923a-f9595b4cce59,baada8b1-e62e-44c4-a14d-6702ea90f496,sunbird
f:baada8b1-e62e-44c4-a14d-6702ea90f496:d33eab3e-6acc-42f2-b720-149f4a88ef87,baada8b1-e62e-44c4-a14d-6702ea90f496,sunbird
f:baada8b1-e62e-44c4-a14d-6702ea90f496:69b1c048-67af-43d0-80fc-d50a75b28567,baada8b1-e62e-44c4-a14d-6702ea90f496,sunbird
f:baada8b1-e62e-44c4-a14d-6702ea90f496:827aa351-0838-4169-a84a-5fe925480348,baada8b1-e62e-44c4-a14d-6702ea90f496,sunbird
f:baada8b1-e62e-44c4-a14d-6702ea90f496:efc916d3-9c90-4bb5-bd54-64401be00210,baada8b1-e62e-44c4-a14d-6702ea90f496,sunbird
f:baada8b1-e62e-44c4-a14d-6702ea90f496:a0f345a9-55ef-40f2-98a0-571c7900d2af,baada8b1-e62e-44c4-a14d-6702ea90f496,sunbird
f:baada8b1-e62e-44c4-a14d-6702ea90f496:6740322f-2bf9-4425-a40d-6f628b0d49c7,baada8b1-e62e-44c4-a14d-6702ea90f496,sunbird
f:baada8b1-e62e-44c4-a14d-6702ea90f496:32d31b48-bc6f-40c9-9b45-02e364c7483b,baada8b1-e62e-44c4-a14d-6702ea90f496,sunbird
f:baada8b1-e62e-44c4-a14d-6702ea90f496:fd477f6a-2e80-4370-b2f4-b391451c43ba,baada8b1-e62e-44c4-a14d-6702ea90f496,sunbird
f:baada8b1-e62e-44c4-a14d-6702ea90f496:null,baada8b1-e62e-44c4-a14d-6702ea90f496,sunbird
f:baada8b1-e62e-44c4-a14d-6702ea90f496:7f9ce0c1-3f5c-4198-a85f-1a583ed9406c,baada8b1-e62e-44c4-a14d-6702ea90f496,sunbird
f:baada8b1-e62e-44c4-a14d-6702ea90f496:781ef190-8822-4a90-97d5-b08978a01283,baada8b1-e62e-44c4-a14d-6702ea90f496,sunbird
f:baada8b1-e62e-44c4-a14d-6702ea90f496:840adf6b-8345-430e-b8e6-3097f3e1ba96,baada8b1-e62e-44c4-a14d-6702ea90f496,sunbird
f:baada8b1-e62e-44c4-a14d-6702ea90f496:d8c56705-821e-4df6-b67a-886529066a39,baada8b1-e62e-44c4-a14d-6702ea90f496,sunbird
f:baada8b1-e62e-44c4-a14d-6702ea90f496:b7f36505-9bec-4ea5-964a-2d73f05e7301,baada8b1-e62e-44c4-a14d-6702ea90f496,sunbird
f:baada8b1-e62e-44c4-a14d-6702ea90f496:67ca301c-f408-4a41-91dd-85fd5f89c901,baada8b1-e62e-44c4-a14d-6702ea90f496,sunbird
f:baada8b1-e62e-44c4-a14d-6702ea90f496:cb2c426c-d144-4453-b81c-d2aaa193ecc0,baada8b1-e62e-44c4-a14d-6702ea90f496,sunbird
f:baada8b1-e62e-44c4-a14d-6702ea90f496:26ff0f8d-5c9b-4665-8fbb-52f4099806a4,baada8b1-e62e-44c4-a14d-6702ea90f496,sunbird
f:baada8b1-e62e-44c4-a14d-6702ea90f496:18e7b775-951c-4a2c-8218-8b915f3a8b73,baada8b1-e62e-44c4-a14d-6702ea90f496,sunbird
f:baada8b1-e62e-44c4-a14d-6702ea90f496:f49619ba-02a3-49c2-841b-4eaa9a986f8f,baada8b1-e62e-44c4-a14d-6702ea90f496,sunbird
f:baada8b1-e62e-44c4-a14d-6702ea90f496:1e88f77c-70cc-49e4-bd93-a9c7164b461b,baada8b1-e62e-44c4-a14d-6702ea90f496,sunbird
f:baada8b1-e62e-44c4-a14d-6702ea90f496:a7c445ef-68c9-4951-8bb7-ced4fde62296,baada8b1-e62e-44c4-a14d-6702ea90f496,sunbird
f:baada8b1-e62e-44c4-a14d-6702ea90f496:a82fe74e-4a19-460a-8035-8f556d2a399a,baada8b1-e62e-44c4-a14d-6702ea90f496,sunbird
f:baada8b1-e62e-44c4-a14d-6702ea90f496:004b43a0-cb5f-4997-9f00-2e6a046cf270,baada8b1-e62e-44c4-a14d-6702ea90f496,sunbird
f:baada8b1-e62e-44c4-a14d-6702ea90f496:d4680769-a6a5-438b-b531-6d2aa4f56f5e,baada8b1-e62e-44c4-a14d-6702ea90f496,sunbird
f:baada8b1-e62e-44c4-a14d-6702ea90f496:5baeb7b8-bc15-4974-947f-baeec31b2a60,baada8b1-e62e-44c4-a14d-6702ea90f496,sunbird
f:baada8b1-e62e-44c4-a14d-6702ea90f496:a16f7f59-70a4-4694-8679-a30d4005ace6,baada8b1-e62e-44c4-a14d-6702ea90f496,sunbird
f:baada8b1-e62e-44c4-a14d-6702ea90f496:2850aec9-941e-4969-a76f-901f40979740,baada8b1-e62e-44c4-a14d-6702ea90f496,sunbird
f:baada8b1-e62e-44c4-a14d-6702ea90f496:7ec47045-5e92-49df-814b-4eda3b303d6f,baada8b1-e62e-44c4-a14d-6702ea90f496,sunbird
f:baada8b1-e62e-44c4-a14d-6702ea90f496:c326177b-a257-48c4-ae59-2d326a14b337,baada8b1-e62e-44c4-a14d-6702ea90f496,sunbird
f:baada8b1-e62e-44c4-a14d-6702ea90f496:18a529d4-8dd3-48fc-a0f0-805da8af2e92,baada8b1-e62e-44c4-a14d-6702ea90f496,sunbird
f:baada8b1-e62e-44c4-a14d-6702ea90f496:9ac9213e-e297-43f7-98fe-c7c7c917a929,baada8b1-e62e-44c4-a14d-6702ea90f496,sunbird
f:baada8b1-e62e-44c4-a14d-6702ea90f496:e91098ed-d1e3-4a3e-8679-5f18fb512d49,baada8b1-e62e-44c4-a14d-6702ea90f496,sunbird
f:baada8b1-e62e-44c4-a14d-6702ea90f496:28df8105-620b-465c-b7ec-2589dd6ea4c4,baada8b1-e62e-44c4-a14d-6702ea90f496,sunbird
f:baada8b1-e62e-44c4-a14d-6702ea90f496:ab3f8291-d0e3-441c-a763-cb48da9fce90,baada8b1-e62e-44c4-a14d-6702ea90f496,sunbird
f:baada8b1-e62e-44c4-a14d-6702ea90f496:a66d66b9-b86e-442d-bc5a-81e0f3eab699,baada8b1-e62e-44c4-a14d-6702ea90f496,sunbird
f:baada8b1-e62e-44c4-a14d-6702ea90f496:0dedfa40-bdd9-48f0-86ff-6bcc55a2cf42,baada8b1-e62e-44c4-a14d-6702ea90f496,sunbird
f:baada8b1-e62e-44c4-a14d-6702ea90f496:18dd0f6e-6fad-44e7-a9e1-32008e52d0be,baada8b1-e62e-44c4-a14d-6702ea90f496,sunbird
f:baada8b1-e62e-44c4-a14d-6702ea90f496:9d8f420d-af41-48c3-bc28-632aa9ca9808,baada8b1-e62e-44c4-a14d-6702ea90f496,sunbird
f:baada8b1-e62e-44c4-a14d-6702ea90f496:d225f15e-58c9-47b7-b7a9-d0a8e9b37a00,baada8b1-e62e-44c4-a14d-6702ea90f496,sunbird
f:baada8b1-e62e-44c4-a14d-6702ea90f496:080d72a2-0c4d-4434-9766-7bdbc926f4e4,baada8b1-e62e-44c4-a14d-6702ea90f496,sunbird
f:baada8b1-e62e-44c4-a14d-6702ea90f496:167335f6-dd34-4659-a19f-9128b07c116c,baada8b1-e62e-44c4-a14d-6702ea90f496,sunbird
f:baada8b1-e62e-44c4-a14d-6702ea90f496:d0464698-7d76-4204-8e99-d3702d4c37b5,baada8b1-e62e-44c4-a14d-6702ea90f496,sunbird
f:baada8b1-e62e-44c4-a14d-6702ea90f496:3310b8df-8bdc-4fba-934f-8b186468e7f0,baada8b1-e62e-44c4-a14d-6702ea90f496,sunbird
f:baada8b1-e62e-44c4-a14d-6702ea90f496:337b5696-1fb4-43d9-a0b1-11b56725a8c9,baada8b1-e62e-44c4-a14d-6702ea90f496,sunbird
f:baada8b1-e62e-44c4-a14d-6702ea90f496:c7d947b3-156f-4b42-85cd-95530810b1d1,baada8b1-e62e-44c4-a14d-6702ea90f496,sunbird
f:baada8b1-e62e-44c4-a14d-6702ea90f496:2724d1f6-907a-492b-8637-1196e5c51116,baada8b1-e62e-44c4-a14d-6702ea90f496,sunbird
f:baada8b1-e62e-44c4-a14d-6702ea90f496:abbc6181-e89f-47c8-8d88-74cea5d44439,baada8b1-e62e-44c4-a14d-6702ea90f496,sunbird
f:baada8b1-e62e-44c4-a14d-6702ea90f496:b541e1cf-fa90-4834-8642-dcd048cebdaf,baada8b1-e62e-44c4-a14d-6702ea90f496,sunbird
f:baada8b1-e62e-44c4-a14d-6702ea90f496:d235f7e6-5200-4afd-8b28-db2efe8697df,baada8b1-e62e-44c4-a14d-6702ea90f496,sunbird
f:baada8b1-e62e-44c4-a14d-6702ea90f496:a6a4f162-04a7-49c0-aa0f-ff14a9844015,baada8b1-e62e-44c4-a14d-6702ea90f496,sunbird
f:baada8b1-e62e-44c4-a14d-6702ea90f496:ce9d06fd-9e14-4f53-acee-10c9d750ad8a,baada8b1-e62e-44c4-a14d-6702ea90f496,sunbird
f:baada8b1-e62e-44c4-a14d-6702ea90f496:251f552f-0440-4334-af1a-719c24c28b13,baada8b1-e62e-44c4-a14d-6702ea90f496,sunbird
f:baada8b1-e62e-44c4-a14d-6702ea90f496:69cb1cb2-a5e9-4d83-ade3-acbe7b429825,baada8b1-e62e-44c4-a14d-6702ea90f496,sunbird
f:baada8b1-e62e-44c4-a14d-6702ea90f496:1f3ba9bf-bf87-4b2a-a16b-a06ec1a98baa,baada8b1-e62e-44c4-a14d-6702ea90f496,sunbird
f:baada8b1-e62e-44c4-a14d-6702ea90f496:e2dc3ebb-8217-4376-b926-1d8f89fcbb6e,baada8b1-e62e-44c4-a14d-6702ea90f496,sunbird
f:baada8b1-e62e-44c4-a14d-6702ea90f496:dc78bc58-7dae-4f24-aa54-e1445b342c04,baada8b1-e62e-44c4-a14d-6702ea90f496,sunbird
f:baada8b1-e62e-44c4-a14d-6702ea90f496:eae432a3-7465-4538-b93d-c1dfe7c431be,baada8b1-e62e-44c4-a14d-6702ea90f496,sunbird
f:baada8b1-e62e-44c4-a14d-6702ea90f496:e807681e-8d50-428f-b0de-b515f53a1297,baada8b1-e62e-44c4-a14d-6702ea90f496,sunbird
f:baada8b1-e62e-44c4-a14d-6702ea90f496:01780037-e23c-44a3-9e18-8fec6feaace0,baada8b1-e62e-44c4-a14d-6702ea90f496,sunbird
f:baada8b1-e62e-44c4-a14d-6702ea90f496:50b95f88-9643-47de-aa7f-4f96c7993be3,baada8b1-e62e-44c4-a14d-6702ea90f496,sunbird
f:baada8b1-e62e-44c4-a14d-6702ea90f496:719f716b-b70b-4228-bb43-f675cdbf9ea9,baada8b1-e62e-44c4-a14d-6702ea90f496,sunbird
f:baada8b1-e62e-44c4-a14d-6702ea90f496:2bf0b663-0906-44bd-8bf6-a6b83604ba24,baada8b1-e62e-44c4-a14d-6702ea90f496,sunbird
f:baada8b1-e62e-44c4-a14d-6702ea90f496:37e84edc-c28d-4caf-a93b-c6d3fce2bd78,baada8b1-e62e-44c4-a14d-6702ea90f496,sunbird
f:baada8b1-e62e-44c4-a14d-6702ea90f496:ccecb5e0-08af-4339-9821-eda572ae3f23,baada8b1-e62e-44c4-a14d-6702ea90f496,sunbird
f:baada8b1-e62e-44c4-a14d-6702ea90f496:0a14f8b0-e28d-4742-9765-c7e4a0108e8a,baada8b1-e62e-44c4-a14d-6702ea90f496,sunbird
f:baada8b1-e62e-44c4-a14d-6702ea90f496:07beb849-ac29-4c7b-b5bc-26291fdebbaa,baada8b1-e62e-44c4-a14d-6702ea90f496,sunbird
f:baada8b1-e62e-44c4-a14d-6702ea90f496:9db02a1b-6b3b-48c9-ae54-f02d306a67b1,baada8b1-e62e-44c4-a14d-6702ea90f496,sunbird
f:baada8b1-e62e-44c4-a14d-6702ea90f496:e2416c80-08bd-4076-a8fd-703ae2117605,baada8b1-e62e-44c4-a14d-6702ea90f496,sunbird
f:baada8b1-e62e-44c4-a14d-6702ea90f496:81713fe6-29a0-4c63-943c-f6c24f602dc1,baada8b1-e62e-44c4-a14d-6702ea90f496,sunbird
f:baada8b1-e62e-44c4-a14d-6702ea90f496:b34c34ab-6f71-4d50-a208-c18a54e50a99,baada8b1-e62e-44c4-a14d-6702ea90f496,sunbird
f:baada8b1-e62e-44c4-a14d-6702ea90f496:17bedd0a-609a-41e6-b30d-ee2e4bba6a1b,baada8b1-e62e-44c4-a14d-6702ea90f496,sunbird
f:baada8b1-e62e-44c4-a14d-6702ea90f496:18fe2b91-fb71-4934-98e4-8ff3193b8908,baada8b1-e62e-44c4-a14d-6702ea90f496,sunbird
f:baada8b1-e62e-44c4-a14d-6702ea90f496:797d0172-9e27-420e-98d0-d0ab1a5e400b,baada8b1-e62e-44c4-a14d-6702ea90f496,sunbird
f:baada8b1-e62e-44c4-a14d-6702ea90f496:52f1e13d-5c6f-4ca3-8525-952fcbf5657a,baada8b1-e62e-44c4-a14d-6702ea90f496,sunbird
f:baada8b1-e62e-44c4-a14d-6702ea90f496:49f2ffe2-53ad-41dd-a74a-cc727e904f46,baada8b1-e62e-44c4-a14d-6702ea90f496,sunbird
f:baada8b1-e62e-44c4-a14d-6702ea90f496:917a7417-ee05-47d1-a054-8c9f6e301eb1,baada8b1-e62e-44c4-a14d-6702ea90f496,sunbird
f:baada8b1-e62e-44c4-a14d-6702ea90f496:5e15abcd-85d3-44a4-9f56-03f8f881694c,baada8b1-e62e-44c4-a14d-6702ea90f496,sunbird
f:baada8b1-e62e-44c4-a14d-6702ea90f496:d7317739-7800-4d44-b541-40a9abd78bd3,baada8b1-e62e-44c4-a14d-6702ea90f496,sunbird
f:baada8b1-e62e-44c4-a14d-6702ea90f496:837a65a5-bbee-4d30-bfc5-9dfc1138f620,baada8b1-e62e-44c4-a14d-6702ea90f496,sunbird
f:baada8b1-e62e-44c4-a14d-6702ea90f496:9fb001f8-c6f3-41b9-8815-e1ca297f1786,baada8b1-e62e-44c4-a14d-6702ea90f496,sunbird
f:baada8b1-e62e-44c4-a14d-6702ea90f496:87b22593-54a1-4142-96ce-4c08376a912c,baada8b1-e62e-44c4-a14d-6702ea90f496,sunbird
f:baada8b1-e62e-44c4-a14d-6702ea90f496:954e9789-317b-4223-97f3-d80057790d84,baada8b1-e62e-44c4-a14d-6702ea90f496,sunbird
f:baada8b1-e62e-44c4-a14d-6702ea90f496:ee1a7ed5-e11f-4aec-b094-7ff5cb3b0f09,baada8b1-e62e-44c4-a14d-6702ea90f496,sunbird
f:baada8b1-e62e-44c4-a14d-6702ea90f496:d9ac764a-8860-4c1d-82e8-f31fc5f6b117,baada8b1-e62e-44c4-a14d-6702ea90f496,sunbird
f:baada8b1-e62e-44c4-a14d-6702ea90f496:914c1d71-b414-4ff2-bdbd-b56eb74c57f6,baada8b1-e62e-44c4-a14d-6702ea90f496,sunbird
f:baada8b1-e62e-44c4-a14d-6702ea90f496:98a32456-68ee-4f4a-af2e-f02e90f5de3f,baada8b1-e62e-44c4-a14d-6702ea90f496,sunbird
f:baada8b1-e62e-44c4-a14d-6702ea90f496:a8f74674-84e7-43e9-aedd-0ffd28daa768,baada8b1-e62e-44c4-a14d-6702ea90f496,sunbird
f:baada8b1-e62e-44c4-a14d-6702ea90f496:c16e8796-9877-4fa5-a504-ce9e582a0cbf,baada8b1-e62e-44c4-a14d-6702ea90f496,sunbird
f:baada8b1-e62e-44c4-a14d-6702ea90f496:eb85aa63-f660-45e4-b862-44dd45860a28,baada8b1-e62e-44c4-a14d-6702ea90f496,sunbird
f:baada8b1-e62e-44c4-a14d-6702ea90f496:ecb9279d-6724-4206-b86f-39ceb53eadc5,baada8b1-e62e-44c4-a14d-6702ea90f496,sunbird
f:baada8b1-e62e-44c4-a14d-6702ea90f496:0a653d21-13e8-4188-87a7-c9fd497f2b60,baada8b1-e62e-44c4-a14d-6702ea90f496,sunbird
f:baada8b1-e62e-44c4-a14d-6702ea90f496:281ff232-5073-45b1-9eea-8e37f59d25c9,baada8b1-e62e-44c4-a14d-6702ea90f496,sunbird
f:baada8b1-e62e-44c4-a14d-6702ea90f496:9e34790a-4b0f-446b-8982-f77423b1c361,baada8b1-e62e-44c4-a14d-6702ea90f496,sunbird
f:baada8b1-e62e-44c4-a14d-6702ea90f496:0f6ef4a7-0141-4c10-8d76-9e6b9f6e1781,baada8b1-e62e-44c4-a14d-6702ea90f496,sunbird
f:baada8b1-e62e-44c4-a14d-6702ea90f496:30b0c164-87ec-4da2-8568-d67eb1a0ad05,baada8b1-e62e-44c4-a14d-6702ea90f496,sunbird
f:baada8b1-e62e-44c4-a14d-6702ea90f496:88ea983e-663e-4024-8da6-deff04fc35ea,baada8b1-e62e-44c4-a14d-6702ea90f496,sunbird
f:baada8b1-e62e-44c4-a14d-6702ea90f496:72ac413a-0290-450b-944a-2ec6dd2977c7,baada8b1-e62e-44c4-a14d-6702ea90f496,sunbird
f:baada8b1-e62e-44c4-a14d-6702ea90f496:43c46629-4af3-46c5-b89b-a9c3dd8b334b,baada8b1-e62e-44c4-a14d-6702ea90f496,sunbird
f:baada8b1-e62e-44c4-a14d-6702ea90f496:a918182f-8ca5-4518-91bf-38153b640599,baada8b1-e62e-44c4-a14d-6702ea90f496,sunbird
f:baada8b1-e62e-44c4-a14d-6702ea90f496:15cfe0a0-2f1e-486a-b988-53fbb387eda0,baada8b1-e62e-44c4-a14d-6702ea90f496,sunbird
f:baada8b1-e62e-44c4-a14d-6702ea90f496:f8c12baa-7805-4ed2-a99a-a3677e995cbb,baada8b1-e62e-44c4-a14d-6702ea90f496,sunbird
f:baada8b1-e62e-44c4-a14d-6702ea90f496:2132157c-8ef4-43da-9745-001660973c94,baada8b1-e62e-44c4-a14d-6702ea90f496,sunbird
f:baada8b1-e62e-44c4-a14d-6702ea90f496:d5e21fda-784a-4469-b1dc-f4d214dba974,baada8b1-e62e-44c4-a14d-6702ea90f496,sunbird
f:baada8b1-e62e-44c4-a14d-6702ea90f496:cb235fcf-25a6-47d0-9f14-5a3f7b368492,baada8b1-e62e-44c4-a14d-6702ea90f496,sunbird
f:baada8b1-e62e-44c4-a14d-6702ea90f496:8fafab3c-bfdd-4491-b619-3ebc963cc633,baada8b1-e62e-44c4-a14d-6702ea90f496,sunbird
f:baada8b1-e62e-44c4-a14d-6702ea90f496:6d569029-2c51-412d-808a-43c19557546e,baada8b1-e62e-44c4-a14d-6702ea90f496,sunbird
f:baada8b1-e62e-44c4-a14d-6702ea90f496:b952b8fd-3173-426b-8fcf-0c74e2efeaf0,baada8b1-e62e-44c4-a14d-6702ea90f496,sunbird
f:baada8b1-e62e-44c4-a14d-6702ea90f496:bd83876f-15cc-4e49-8989-f6cc28aeaf98,baada8b1-e62e-44c4-a14d-6702ea90f496,sunbird
f:baada8b1-e62e-44c4-a14d-6702ea90f496:95e9eb8b-a25c-42e6-989f-e53c08c0d788,baada8b1-e62e-44c4-a14d-6702ea90f496,sunbird
f:baada8b1-e62e-44c4-a14d-6702ea90f496:d943814b-df28-45b7-b6e9-a2b168f3461a,baada8b1-e62e-44c4-a14d-6702ea90f496,sunbird
f:baada8b1-e62e-44c4-a14d-6702ea90f496:6178660d-57bd-4de5-a3d3-2ef84cdebcb3,baada8b1-e62e-44c4-a14d-6702ea90f496,sunbird
f:baada8b1-e62e-44c4-a14d-6702ea90f496:21f65442-acbb-4b00-ab21-b7c8633f4258,baada8b1-e62e-44c4-a14d-6702ea90f496,sunbird
f:baada8b1-e62e-44c4-a14d-6702ea90f496:f5cb2fec-306f-49af-9ecf-e248aa1a1e17,baada8b1-e62e-44c4-a14d-6702ea90f496,sunbird
f:baada8b1-e62e-44c4-a14d-6702ea90f496:5cdb0cb3-4092-4765-9dc9-d324aab366d1,baada8b1-e62e-44c4-a14d-6702ea90f496,sunbird
f:baada8b1-e62e-44c4-a14d-6702ea90f496:40404476-9ef4-4a16-9fc0-8ed91e624e9b,baada8b1-e62e-44c4-a14d-6702ea90f496,sunbird
f:baada8b1-e62e-44c4-a14d-6702ea90f496:106bcddd-c09b-4e82-a748-70fa8dcab6ad,baada8b1-e62e-44c4-a14d-6702ea90f496,sunbird
f:baada8b1-e62e-44c4-a14d-6702ea90f496:83bb30f7-f0ce-4442-9dd2-75734b1dd8b0,baada8b1-e62e-44c4-a14d-6702ea90f496,sunbird
f:baada8b1-e62e-44c4-a14d-6702ea90f496:ddfbd1fd-d9f0-465a-aaf2-f029b21b6e46,baada8b1-e62e-44c4-a14d-6702ea90f496,sunbird
f:baada8b1-e62e-44c4-a14d-6702ea90f496:5a3ef1b5-cea4-4cca-8c70-611fff654c66,baada8b1-e62e-44c4-a14d-6702ea90f496,sunbird
f:baada8b1-e62e-44c4-a14d-6702ea90f496:5ec57625-c845-44c8-b0c0-d5d49ffb3ab6,baada8b1-e62e-44c4-a14d-6702ea90f496,sunbird
f:baada8b1-e62e-44c4-a14d-6702ea90f496:f59a3afe-52b4-48c5-9772-5f279589d339,baada8b1-e62e-44c4-a14d-6702ea90f496,sunbird
f:baada8b1-e62e-44c4-a14d-6702ea90f496:f9f74d5d-c1b8-4ea4-8111-3c032b1119f1,baada8b1-e62e-44c4-a14d-6702ea90f496,sunbird
f:baada8b1-e62e-44c4-a14d-6702ea90f496:1bf08c00-afa1-474f-a493-f9fe9f873954,baada8b1-e62e-44c4-a14d-6702ea90f496,sunbird
f:baada8b1-e62e-44c4-a14d-6702ea90f496:b7f3f865-697f-4120-a264-cb9bb0e4c06d,baada8b1-e62e-44c4-a14d-6702ea90f496,sunbird
f:baada8b1-e62e-44c4-a14d-6702ea90f496:88a6bac4-04da-41ae-aa59-16708e0d8888,baada8b1-e62e-44c4-a14d-6702ea90f496,sunbird
f:baada8b1-e62e-44c4-a14d-6702ea90f496:999e5171-4bf3-417e-bb6f-59bf0d2b8f71,baada8b1-e62e-44c4-a14d-6702ea90f496,sunbird
f:baada8b1-e62e-44c4-a14d-6702ea90f496:b59c0c0c-04d5-48ac-b0f5-2f2c764513e4,baada8b1-e62e-44c4-a14d-6702ea90f496,sunbird
f:baada8b1-e62e-44c4-a14d-6702ea90f496:f64d0ea5-6109-4a70-a891-5e0674ae8537,baada8b1-e62e-44c4-a14d-6702ea90f496,sunbird
f:baada8b1-e62e-44c4-a14d-6702ea90f496:43f0bdf8-7c9c-4472-ab2d-e1a553826792,baada8b1-e62e-44c4-a14d-6702ea90f496,sunbird
f:baada8b1-e62e-44c4-a14d-6702ea90f496:902762f8-10bf-43cc-bb18-f140cf38cefd,baada8b1-e62e-44c4-a14d-6702ea90f496,sunbird
f:baada8b1-e62e-44c4-a14d-6702ea90f496:55bc2fd4-b49b-4de8-a23b-07095a92b2cc,baada8b1-e62e-44c4-a14d-6702ea90f496,sunbird
f:baada8b1-e62e-44c4-a14d-6702ea90f496:7987d8e5-8595-4c0a-b7b6-3963c3fad4af,baada8b1-e62e-44c4-a14d-6702ea90f496,sunbird
f:baada8b1-e62e-44c4-a14d-6702ea90f496:c7b8e0d3-cb6e-48bb-b463-dc84fa77ed3d,baada8b1-e62e-44c4-a14d-6702ea90f496,sunbird
f:baada8b1-e62e-44c4-a14d-6702ea90f496:dfcef3ff-c275-4429-9b51-cb84b72234da,baada8b1-e62e-44c4-a14d-6702ea90f496,sunbird
f:baada8b1-e62e-44c4-a14d-6702ea90f496:76d7e5a0-d832-44bf-93ff-77580f9ece72,baada8b1-e62e-44c4-a14d-6702ea90f496,sunbird
f:baada8b1-e62e-44c4-a14d-6702ea90f496:f84b2ed9-c589-40a7-8d4e-4cd3635f774b,baada8b1-e62e-44c4-a14d-6702ea90f496,sunbird
f:baada8b1-e62e-44c4-a14d-6702ea90f496:ad5ce269-2b82-4c74-baa4-a1632cdb8595,baada8b1-e62e-44c4-a14d-6702ea90f496,sunbird
f:baada8b1-e62e-44c4-a14d-6702ea90f496:36241584-b850-461b-a02e-7e75c6785c4d,baada8b1-e62e-44c4-a14d-6702ea90f496,sunbird
f:baada8b1-e62e-44c4-a14d-6702ea90f496:7094832b-e39a-40cc-9a7f-3dca7f1d0807,baada8b1-e62e-44c4-a14d-6702ea90f496,sunbird
f:baada8b1-e62e-44c4-a14d-6702ea90f496:cdb21378-5638-4c9e-bd03-772efe923398,baada8b1-e62e-44c4-a14d-6702ea90f496,sunbird
f:baada8b1-e62e-44c4-a14d-6702ea90f496:f753c366-500d-42ab-bbe0-9cbe92f9e990,baada8b1-e62e-44c4-a14d-6702ea90f496,sunbird
f:baada8b1-e62e-44c4-a14d-6702ea90f496:e4b949a9-1130-4184-94be-c4e2d7cc6603,baada8b1-e62e-44c4-a14d-6702ea90f496,sunbird
f:baada8b1-e62e-44c4-a14d-6702ea90f496:7ca9e1a3-c075-4e02-aa8c-5372184ca753,baada8b1-e62e-44c4-a14d-6702ea90f496,sunbird
f:baada8b1-e62e-44c4-a14d-6702ea90f496:23b99c15-bc0e-44c4-9070-99cfca34acca,baada8b1-e62e-44c4-a14d-6702ea90f496,sunbird
f:baada8b1-e62e-44c4-a14d-6702ea90f496:2e09fbb5-16ef-4ffa-aaed-edb67dd84699,baada8b1-e62e-44c4-a14d-6702ea90f496,sunbird
f:baada8b1-e62e-44c4-a14d-6702ea90f496:5d2ed4b4-0aec-4648-b0b6-9a804c85467b,baada8b1-e62e-44c4-a14d-6702ea90f496,sunbird
f:baada8b1-e62e-44c4-a14d-6702ea90f496:f67278ce-4ba4-44f2-b9bc-ee2df3a0364b,baada8b1-e62e-44c4-a14d-6702ea90f496,sunbird
f:baada8b1-e62e-44c4-a14d-6702ea90f496:dbb8c045-6083-491a-b632-5db9fa1e8e81,baada8b1-e62e-44c4-a14d-6702ea90f496,sunbird
f:baada8b1-e62e-44c4-a14d-6702ea90f496:f95a92c9-7963-4442-80fa-7bf6d72afa27,baada8b1-e62e-44c4-a14d-6702ea90f496,sunbird
f:baada8b1-e62e-44c4-a14d-6702ea90f496:a8a51f45-c8fc-44da-9c88-92d7cb9cf0c4,baada8b1-e62e-44c4-a14d-6702ea90f496,sunbird
f:baada8b1-e62e-44c4-a14d-6702ea90f496:bf2a733a-6ed5-4930-b291-b9a94570387b,baada8b1-e62e-44c4-a14d-6702ea90f496,sunbird
f:baada8b1-e62e-44c4-a14d-6702ea90f496:143244e8-a1a0-4287-b3e0-69bf4147251b,baada8b1-e62e-44c4-a14d-6702ea90f496,sunbird
f:baada8b1-e62e-44c4-a14d-6702ea90f496:717233e6-f4f6-4212-9ca5-0699d4c602d4,baada8b1-e62e-44c4-a14d-6702ea90f496,sunbird
f:baada8b1-e62e-44c4-a14d-6702ea90f496:276f51df-9d89-4371-9bb1-f30ed58581dd,baada8b1-e62e-44c4-a14d-6702ea90f496,sunbird
f:baada8b1-e62e-44c4-a14d-6702ea90f496:89eb093f-26d4-4686-9ec6-3c3d003e471c,baada8b1-e62e-44c4-a14d-6702ea90f496,sunbird
f:baada8b1-e62e-44c4-a14d-6702ea90f496:1fc07736-7fb6-4e6c-99c2-8bdffd289224,baada8b1-e62e-44c4-a14d-6702ea90f496,sunbird
f:baada8b1-e62e-44c4-a14d-6702ea90f496:f3553a44-a5fd-4f48-86ef-27d2f7ca2ade,baada8b1-e62e-44c4-a14d-6702ea90f496,sunbird
f:baada8b1-e62e-44c4-a14d-6702ea90f496:cbb133fe-9b32-409f-8f46-ec84e8917da9,baada8b1-e62e-44c4-a14d-6702ea90f496,sunbird
f:baada8b1-e62e-44c4-a14d-6702ea90f496:b90fd132-e413-4b28-b884-3f734069558d,baada8b1-e62e-44c4-a14d-6702ea90f496,sunbird
f:baada8b1-e62e-44c4-a14d-6702ea90f496:73b2a612-2b5f-4b5e-9dfb-4fd16822e6d7,baada8b1-e62e-44c4-a14d-6702ea90f496,sunbird
f:baada8b1-e62e-44c4-a14d-6702ea90f496:beaebdf4-5915-4dd7-ae34-61d6f00baa55,baada8b1-e62e-44c4-a14d-6702ea90f496,sunbird
f:baada8b1-e62e-44c4-a14d-6702ea90f496:a13d4ecb-9359-46f0-b268-9f69d052915d,baada8b1-e62e-44c4-a14d-6702ea90f496,sunbird
f:baada8b1-e62e-44c4-a14d-6702ea90f496:b7b5695f-f48e-4d26-9fd2-33d9c4d1d02e,baada8b1-e62e-44c4-a14d-6702ea90f496,sunbird
f:baada8b1-e62e-44c4-a14d-6702ea90f496:b1375b5b-2d8b-4ce5-8f97-8a5983840750,baada8b1-e62e-44c4-a14d-6702ea90f496,sunbird
f:baada8b1-e62e-44c4-a14d-6702ea90f496:315a85ef-b93d-455a-9b3c-2caa54aacf0e,baada8b1-e62e-44c4-a14d-6702ea90f496,sunbird
f:baada8b1-e62e-44c4-a14d-6702ea90f496:4cbc17d2-72a0-4a81-a51f-a4eb18ab68fa,baada8b1-e62e-44c4-a14d-6702ea90f496,sunbird
f:baada8b1-e62e-44c4-a14d-6702ea90f496:80f167d8-21db-41db-b2d9-2d1dca226063,baada8b1-e62e-44c4-a14d-6702ea90f496,sunbird
f:baada8b1-e62e-44c4-a14d-6702ea90f496:81c9cb5c-d330-48b6-ac77-81509d48e2bd,baada8b1-e62e-44c4-a14d-6702ea90f496,sunbird
f:baada8b1-e62e-44c4-a14d-6702ea90f496:e17a6340-bbaf-4575-acc8-5c89a5cca5c8,baada8b1-e62e-44c4-a14d-6702ea90f496,sunbird
f:baada8b1-e62e-44c4-a14d-6702ea90f496:96cab2c5-c3b1-4824-8a5b-a83ff81b19dc,baada8b1-e62e-44c4-a14d-6702ea90f496,sunbird
f:baada8b1-e62e-44c4-a14d-6702ea90f496:6c411088-16e8-4a3c-be0d-dbe629aafdbc,baada8b1-e62e-44c4-a14d-6702ea90f496,sunbird
f:baada8b1-e62e-44c4-a14d-6702ea90f496:91375088-35b2-44b4-926d-34337752e233,baada8b1-e62e-44c4-a14d-6702ea90f496,sunbird
f:baada8b1-e62e-44c4-a14d-6702ea90f496:73d312f4-c590-4345-ba91-ad84d24d3526,baada8b1-e62e-44c4-a14d-6702ea90f496,sunbird
f:baada8b1-e62e-44c4-a14d-6702ea90f496:2c373fce-9c9e-46c7-9dbb-5eb5c4420e7e,baada8b1-e62e-44c4-a14d-6702ea90f496,sunbird
f:baada8b1-e62e-44c4-a14d-6702ea90f496:7e9eb2fb-d96e-4e77-8c61-a3af79ab1f0a,baada8b1-e62e-44c4-a14d-6702ea90f496,sunbird
f:baada8b1-e62e-44c4-a14d-6702ea90f496:9217809e-d25a-46b8-a161-d0f2e3e15efa,baada8b1-e62e-44c4-a14d-6702ea90f496,sunbird
f:baada8b1-e62e-44c4-a14d-6702ea90f496:fad787b9-efd4-439d-92d8-71f08f3fc07e,baada8b1-e62e-44c4-a14d-6702ea90f496,sunbird
f:baada8b1-e62e-44c4-a14d-6702ea90f496:49210e74-8f2f-4ea0-97e4-e8e4459e6bee,baada8b1-e62e-44c4-a14d-6702ea90f496,sunbird
f:baada8b1-e62e-44c4-a14d-6702ea90f496:04a7c962-c76f-4084-86b6-ec8531988a3d,baada8b1-e62e-44c4-a14d-6702ea90f496,sunbird
f:baada8b1-e62e-44c4-a14d-6702ea90f496:b7889fc9-088a-4408-a98a-7b3c9fc746fe,baada8b1-e62e-44c4-a14d-6702ea90f496,sunbird
f:baada8b1-e62e-44c4-a14d-6702ea90f496:885c7457-deb1-4f28-8b15-a6614ef50138,baada8b1-e62e-44c4-a14d-6702ea90f496,sunbird
f:baada8b1-e62e-44c4-a14d-6702ea90f496:e3f60d5b-352f-408a-9887-68f2cfb52f5c,baada8b1-e62e-44c4-a14d-6702ea90f496,sunbird
f:baada8b1-e62e-44c4-a14d-6702ea90f496:bd3ea48c-3a2a-4bad-87fe-1b49ae312bdd,baada8b1-e62e-44c4-a14d-6702ea90f496,sunbird
f:baada8b1-e62e-44c4-a14d-6702ea90f496:1a7b2303-c129-4c38-a853-9133eff2cd0b,baada8b1-e62e-44c4-a14d-6702ea90f496,sunbird
f:baada8b1-e62e-44c4-a14d-6702ea90f496:ebb27b7c-8e90-4dc3-8d9a-9e3502d899ab,baada8b1-e62e-44c4-a14d-6702ea90f496,sunbird
f:baada8b1-e62e-44c4-a14d-6702ea90f496:7e5f3f13-175f-4c27-ba63-367a2f916edc,baada8b1-e62e-44c4-a14d-6702ea90f496,sunbird
f:baada8b1-e62e-44c4-a14d-6702ea90f496:e0630a1b-f669-44e2-8202-c30e80f79ea9,baada8b1-e62e-44c4-a14d-6702ea90f496,sunbird
f:baada8b1-e62e-44c4-a14d-6702ea90f496:af1d5ac5-37f0-48c8-abd3-82cba557a25a,baada8b1-e62e-44c4-a14d-6702ea90f496,sunbird
f:baada8b1-e62e-44c4-a14d-6702ea90f496:93fcf115-a2fc-4d1e-bf6a-44fbee54b194,baada8b1-e62e-44c4-a14d-6702ea90f496,sunbird
f:baada8b1-e62e-44c4-a14d-6702ea90f496:25f0f605-6383-48e0-83ca-083b9d0b4cae,baada8b1-e62e-44c4-a14d-6702ea90f496,sunbird
f:baada8b1-e62e-44c4-a14d-6702ea90f496:2335bcf6-ef95-47ed-ae41-6d2bc94a5307,baada8b1-e62e-44c4-a14d-6702ea90f496,sunbird
f:baada8b1-e62e-44c4-a14d-6702ea90f496:eddd8aac-9094-43de-9b92-46f6ce120b22,baada8b1-e62e-44c4-a14d-6702ea90f496,sunbird
f:baada8b1-e62e-44c4-a14d-6702ea90f496:666ce05f-b6c8-4672-bd87-8de2a06c1c3e,baada8b1-e62e-44c4-a14d-6702ea90f496,sunbird
f:baada8b1-e62e-44c4-a14d-6702ea90f496:7063aeae-b938-4c9c-b21e-4d815157c806,baada8b1-e62e-44c4-a14d-6702ea90f496,sunbird
f:baada8b1-e62e-44c4-a14d-6702ea90f496:73456c94-7f65-4298-9041-74896a2aa6c0,baada8b1-e62e-44c4-a14d-6702ea90f496,sunbird
f:baada8b1-e62e-44c4-a14d-6702ea90f496:453b8aa8-7050-4bfb-8ce6-ad1f83be1464,baada8b1-e62e-44c4-a14d-6702ea90f496,sunbird
f:baada8b1-e62e-44c4-a14d-6702ea90f496:fa800361-ef2c-401d-a6dd-3fe0fd013cee,baada8b1-e62e-44c4-a14d-6702ea90f496,sunbird
f:baada8b1-e62e-44c4-a14d-6702ea90f496:2382245f-b1e3-46c7-96ed-e76779dc1c3b,baada8b1-e62e-44c4-a14d-6702ea90f496,sunbird
f:baada8b1-e62e-44c4-a14d-6702ea90f496:f324dbd7-c781-46d4-b94d-e18ae2c7c2ab,baada8b1-e62e-44c4-a14d-6702ea90f496,sunbird
f:baada8b1-e62e-44c4-a14d-6702ea90f496:eb099871-c2db-4119-87d4-f7ec4b1bea91,baada8b1-e62e-44c4-a14d-6702ea90f496,sunbird
f:baada8b1-e62e-44c4-a14d-6702ea90f496:8a24ee2d-20ec-4eb0-b559-627b30dfd894,baada8b1-e62e-44c4-a14d-6702ea90f496,sunbird
f:baada8b1-e62e-44c4-a14d-6702ea90f496:e3290342-466c-4dcb-a35c-26225fa31ad5,baada8b1-e62e-44c4-a14d-6702ea90f496,sunbird
f:baada8b1-e62e-44c4-a14d-6702ea90f496:de185b6d-de25-45ac-bbe1-5302a7bb51ef,baada8b1-e62e-44c4-a14d-6702ea90f496,sunbird
f:baada8b1-e62e-44c4-a14d-6702ea90f496:e3d2f805-0a87-45e4-8ffd-5841871cd4a8,baada8b1-e62e-44c4-a14d-6702ea90f496,sunbird
f:baada8b1-e62e-44c4-a14d-6702ea90f496:2cb29c2c-eb27-46d7-9b75-9c22ff6c5913,baada8b1-e62e-44c4-a14d-6702ea90f496,sunbird
f:baada8b1-e62e-44c4-a14d-6702ea90f496:75943567-3263-4404-b502-ef281154c85d,baada8b1-e62e-44c4-a14d-6702ea90f496,sunbird
f:baada8b1-e62e-44c4-a14d-6702ea90f496:e18cc469-f4ee-4a1d-bf71-50d9bd182667,baada8b1-e62e-44c4-a14d-6702ea90f496,sunbird
f:baada8b1-e62e-44c4-a14d-6702ea90f496:6decafd4-f5df-46e1-a24f-1f72380d9b4b,baada8b1-e62e-44c4-a14d-6702ea90f496,sunbird
f:baada8b1-e62e-44c4-a14d-6702ea90f496:ad86e220-7afb-4445-8648-1ded9b1dc954,baada8b1-e62e-44c4-a14d-6702ea90f496,sunbird
f:baada8b1-e62e-44c4-a14d-6702ea90f496:272b864f-c8e0-4e8e-8494-12013d700740,baada8b1-e62e-44c4-a14d-6702ea90f496,sunbird
f:baada8b1-e62e-44c4-a14d-6702ea90f496:f4556176-1461-4639-9c44-096ee7421c0d,baada8b1-e62e-44c4-a14d-6702ea90f496,sunbird
f:baada8b1-e62e-44c4-a14d-6702ea90f496:3b23ba50-dda1-47a8-b104-9f614b497a79,baada8b1-e62e-44c4-a14d-6702ea90f496,sunbird
f:baada8b1-e62e-44c4-a14d-6702ea90f496:c67854f7-d7d5-408d-b57b-3c663a9eadb6,baada8b1-e62e-44c4-a14d-6702ea90f496,sunbird
f:baada8b1-e62e-44c4-a14d-6702ea90f496:14f5b018-3c66-4a2b-b97c-8345a0001119,baada8b1-e62e-44c4-a14d-6702ea90f496,sunbird
f:baada8b1-e62e-44c4-a14d-6702ea90f496:55b701a4-4f63-46f5-8473-af6d09f3f006,baada8b1-e62e-44c4-a14d-6702ea90f496,sunbird
f:baada8b1-e62e-44c4-a14d-6702ea90f496:8a65e498-1ac7-40ef-b2af-3439a5076795,baada8b1-e62e-44c4-a14d-6702ea90f496,sunbird
f:baada8b1-e62e-44c4-a14d-6702ea90f496:ee68305f-efee-4e09-8e98-ce805e6bd19b,baada8b1-e62e-44c4-a14d-6702ea90f496,sunbird
f:baada8b1-e62e-44c4-a14d-6702ea90f496:370d4a9d-4510-4125-9cb7-f96d3bd31c0c,baada8b1-e62e-44c4-a14d-6702ea90f496,sunbird
f:baada8b1-e62e-44c4-a14d-6702ea90f496:da1ea43d-a9dc-422f-895b-942b2fe6f797,baada8b1-e62e-44c4-a14d-6702ea90f496,sunbird
f:baada8b1-e62e-44c4-a14d-6702ea90f496:ce65f353-b9aa-46e3-82cf-7e245d603eaa,baada8b1-e62e-44c4-a14d-6702ea90f496,sunbird
f:baada8b1-e62e-44c4-a14d-6702ea90f496:bb2e7d6c-371b-4b97-8314-d8acf920df60,baada8b1-e62e-44c4-a14d-6702ea90f496,sunbird
f:baada8b1-e62e-44c4-a14d-6702ea90f496:ba4ccad4-fef1-48af-bbc7-ac2b4190342e,baada8b1-e62e-44c4-a14d-6702ea90f496,sunbird
f:baada8b1-e62e-44c4-a14d-6702ea90f496:12961638-e9e5-4591-afd1-03a7af758503,baada8b1-e62e-44c4-a14d-6702ea90f496,sunbird
f:baada8b1-e62e-44c4-a14d-6702ea90f496:c31f1728-f81e-47ed-9bd6-ab863fcc1740,baada8b1-e62e-44c4-a14d-6702ea90f496,sunbird
f:baada8b1-e62e-44c4-a14d-6702ea90f496:1d470839-127c-4f31-930c-c79181aa1235,baada8b1-e62e-44c4-a14d-6702ea90f496,sunbird
f:baada8b1-e62e-44c4-a14d-6702ea90f496:37f71fb6-07ce-4a0f-bcb0-8b9684363daf,baada8b1-e62e-44c4-a14d-6702ea90f496,sunbird
f:baada8b1-e62e-44c4-a14d-6702ea90f496:45801e46-fb70-49db-ba16-13050e5318e5,baada8b1-e62e-44c4-a14d-6702ea90f496,sunbird
f:baada8b1-e62e-44c4-a14d-6702ea90f496:e3fd3309-bec0-401e-80ef-174e77bf27f6,baada8b1-e62e-44c4-a14d-6702ea90f496,sunbird
f:baada8b1-e62e-44c4-a14d-6702ea90f496:fdb4c980-ce7b-4b0d-bd77-bcd0b304a59b,baada8b1-e62e-44c4-a14d-6702ea90f496,sunbird
f:baada8b1-e62e-44c4-a14d-6702ea90f496:d6459f1c-7111-4c04-8fe0-34ceb08d5058,baada8b1-e62e-44c4-a14d-6702ea90f496,sunbird
f:baada8b1-e62e-44c4-a14d-6702ea90f496:103fe816-6668-47ab-b26e-0c87e14aea29,baada8b1-e62e-44c4-a14d-6702ea90f496,sunbird
f:baada8b1-e62e-44c4-a14d-6702ea90f496:a4533251-cba5-4439-a68b-d4a30c8cb743,baada8b1-e62e-44c4-a14d-6702ea90f496,sunbird
f:baada8b1-e62e-44c4-a14d-6702ea90f496:7fe48559-494c-4d08-8cf1-33443e295ea5,baada8b1-e62e-44c4-a14d-6702ea90f496,sunbird
f:baada8b1-e62e-44c4-a14d-6702ea90f496:dbe9e6af-7881-4ffd-824e-6ad559d63686,baada8b1-e62e-44c4-a14d-6702ea90f496,sunbird
f:baada8b1-e62e-44c4-a14d-6702ea90f496:dec04823-ded7-4d1a-9552-1f92a16900e2,baada8b1-e62e-44c4-a14d-6702ea90f496,sunbird
f:baada8b1-e62e-44c4-a14d-6702ea90f496:4b9833b1-91cd-4af2-84cb-90ffb6856c25,baada8b1-e62e-44c4-a14d-6702ea90f496,sunbird
f:baada8b1-e62e-44c4-a14d-6702ea90f496:2e3be44b-5767-4be9-b389-94f5445dbebc,baada8b1-e62e-44c4-a14d-6702ea90f496,sunbird
f:baada8b1-e62e-44c4-a14d-6702ea90f496:ba41359e-96fc-4ad5-9137-e2ade80e1918,baada8b1-e62e-44c4-a14d-6702ea90f496,sunbird
f:baada8b1-e62e-44c4-a14d-6702ea90f496:7e3fcb06-d777-4209-9a5a-b28b9472c41c,baada8b1-e62e-44c4-a14d-6702ea90f496,sunbird
f:baada8b1-e62e-44c4-a14d-6702ea90f496:cae90647-6d10-4102-aacd-dc193e90d572,baada8b1-e62e-44c4-a14d-6702ea90f496,sunbird
f:baada8b1-e62e-44c4-a14d-6702ea90f496:f7586d80-30ba-4588-be37-a54573ff817e,baada8b1-e62e-44c4-a14d-6702ea90f496,sunbird
f:baada8b1-e62e-44c4-a14d-6702ea90f496:ed64383e-3254-46a9-b1de-efa80bc6ef07,baada8b1-e62e-44c4-a14d-6702ea90f496,sunbird
f:baada8b1-e62e-44c4-a14d-6702ea90f496:85c452be-c895-430d-9d27-5cd38214f35f,baada8b1-e62e-44c4-a14d-6702ea90f496,sunbird
f:baada8b1-e62e-44c4-a14d-6702ea90f496:7de170e6-6ac5-4319-9129-caa91d632ead,baada8b1-e62e-44c4-a14d-6702ea90f496,sunbird
f:baada8b1-e62e-44c4-a14d-6702ea90f496:7dc66407-239f-4171-a461-52c1272633fe,baada8b1-e62e-44c4-a14d-6702ea90f496,sunbird
f:baada8b1-e62e-44c4-a14d-6702ea90f496:4c40be61-9797-4a80-8682-79352fd9a9fc,baada8b1-e62e-44c4-a14d-6702ea90f496,sunbird
f:baada8b1-e62e-44c4-a14d-6702ea90f496:7863e1a3-4b4e-48cb-a024-10a489424241,baada8b1-e62e-44c4-a14d-6702ea90f496,sunbird
f:baada8b1-e62e-44c4-a14d-6702ea90f496:87ed5166-4ec1-4dfd-8118-19fe2482346a,baada8b1-e62e-44c4-a14d-6702ea90f496,sunbird
f:baada8b1-e62e-44c4-a14d-6702ea90f496:923aaca7-e9f0-4b7b-b1d0-3a03cf2cbab9,baada8b1-e62e-44c4-a14d-6702ea90f496,sunbird
f:baada8b1-e62e-44c4-a14d-6702ea90f496:165ecef9-71dc-478a-aefb-d0868f4cbcc6,baada8b1-e62e-44c4-a14d-6702ea90f496,sunbird
f:baada8b1-e62e-44c4-a14d-6702ea90f496:efbdd1ab-282d-4066-9540-3a72dd325e25,baada8b1-e62e-44c4-a14d-6702ea90f496,sunbird
f:baada8b1-e62e-44c4-a14d-6702ea90f496:4b28b957-0383-41cb-a6c1-1d479f2514b7,baada8b1-e62e-44c4-a14d-6702ea90f496,sunbird
f:baada8b1-e62e-44c4-a14d-6702ea90f496:d5cdb089-01f9-4367-9b4b-7aadfcc12473,baada8b1-e62e-44c4-a14d-6702ea90f496,sunbird
f:baada8b1-e62e-44c4-a14d-6702ea90f496:2174d180-4920-44b4-a9f0-e01f70ae83b7,baada8b1-e62e-44c4-a14d-6702ea90f496,sunbird
f:baada8b1-e62e-44c4-a14d-6702ea90f496:c75c0c47-695e-4348-bbb2-feb494dfb7da,baada8b1-e62e-44c4-a14d-6702ea90f496,sunbird
f:baada8b1-e62e-44c4-a14d-6702ea90f496:df6f541b-bef1-4875-9a13-c82a95d9b9e8,baada8b1-e62e-44c4-a14d-6702ea90f496,sunbird
f:baada8b1-e62e-44c4-a14d-6702ea90f496:fe92db7b-833c-4f90-9581-50db551d6ce6,baada8b1-e62e-44c4-a14d-6702ea90f496,sunbird
f:baada8b1-e62e-44c4-a14d-6702ea90f496:a3db9174-d7ef-48ae-bf06-0ab8aad02bf0,baada8b1-e62e-44c4-a14d-6702ea90f496,sunbird
f:baada8b1-e62e-44c4-a14d-6702ea90f496:4da91cfb-add7-4fa9-afe5-bbd11e10e1bb,baada8b1-e62e-44c4-a14d-6702ea90f496,sunbird
f:baada8b1-e62e-44c4-a14d-6702ea90f496:102550f1-cf51-4b05-9b5d-d407d6968efd,baada8b1-e62e-44c4-a14d-6702ea90f496,sunbird
f:baada8b1-e62e-44c4-a14d-6702ea90f496:3cbade2f-8633-4bc1-9ae5-bbe458904847,baada8b1-e62e-44c4-a14d-6702ea90f496,sunbird
f:baada8b1-e62e-44c4-a14d-6702ea90f496:350ff1e8-d225-407e-b631-e7924534512a,baada8b1-e62e-44c4-a14d-6702ea90f496,sunbird
f:baada8b1-e62e-44c4-a14d-6702ea90f496:1f8bdf9f-ea5e-44f6-8ee6-87ce2c130673,baada8b1-e62e-44c4-a14d-6702ea90f496,sunbird
f:baada8b1-e62e-44c4-a14d-6702ea90f496:1db8d675-fc26-4d86-ba29-cc4424e1aa8d,baada8b1-e62e-44c4-a14d-6702ea90f496,sunbird
f:baada8b1-e62e-44c4-a14d-6702ea90f496:59267fc8-dae3-45b5-998b-27c25b621cb8,baada8b1-e62e-44c4-a14d-6702ea90f496,sunbird
f:baada8b1-e62e-44c4-a14d-6702ea90f496:b8a11918-a6d6-4f61-9b26-ad8e80cab548,baada8b1-e62e-44c4-a14d-6702ea90f496,sunbird
f:baada8b1-e62e-44c4-a14d-6702ea90f496:acd74a4e-751e-43ae-b56c-5c7d024f6d00,baada8b1-e62e-44c4-a14d-6702ea90f496,sunbird
f:baada8b1-e62e-44c4-a14d-6702ea90f496:cc4a69ac-f65d-47c8-9a49-8dea21f7ae40,baada8b1-e62e-44c4-a14d-6702ea90f496,sunbird
f:baada8b1-e62e-44c4-a14d-6702ea90f496:e736a001-f17e-4c82-9164-b6c01d88da69,baada8b1-e62e-44c4-a14d-6702ea90f496,sunbird
f:baada8b1-e62e-44c4-a14d-6702ea90f496:50085222-5dc1-482a-83d1-041ba7fb7118,baada8b1-e62e-44c4-a14d-6702ea90f496,sunbird
f:baada8b1-e62e-44c4-a14d-6702ea90f496:f0ee30df-33c6-4672-bc86-aa8b3c09020d,baada8b1-e62e-44c4-a14d-6702ea90f496,sunbird
f:baada8b1-e62e-44c4-a14d-6702ea90f496:3e7145e8-9ab0-4ada-ae86-51ded36aeaa4,baada8b1-e62e-44c4-a14d-6702ea90f496,sunbird
f:baada8b1-e62e-44c4-a14d-6702ea90f496:9561edb0-b480-4b52-9998-49f292c28e42,baada8b1-e62e-44c4-a14d-6702ea90f496,sunbird
f:baada8b1-e62e-44c4-a14d-6702ea90f496:c289f8e1-b429-42f7-ac79-1d03d11bb4ab,baada8b1-e62e-44c4-a14d-6702ea90f496,sunbird
f:baada8b1-e62e-44c4-a14d-6702ea90f496:5bab1347-cfd5-446a-8273-753648662eaf,baada8b1-e62e-44c4-a14d-6702ea90f496,sunbird
f:baada8b1-e62e-44c4-a14d-6702ea90f496:0ebebb04-763e-46d9-85e3-c3cc5ee1f060,baada8b1-e62e-44c4-a14d-6702ea90f496,sunbird
f:baada8b1-e62e-44c4-a14d-6702ea90f496:cbe5c8fa-1ac0-4dfb-ab34-6a6b29940ddf,baada8b1-e62e-44c4-a14d-6702ea90f496,sunbird
f:baada8b1-e62e-44c4-a14d-6702ea90f496:e71012b6-5b22-4e6a-98c9-88524923e6c9,baada8b1-e62e-44c4-a14d-6702ea90f496,sunbird
f:baada8b1-e62e-44c4-a14d-6702ea90f496:88c1c3ce-537c-4892-8a63-3d3bf9314775,baada8b1-e62e-44c4-a14d-6702ea90f496,sunbird
f:baada8b1-e62e-44c4-a14d-6702ea90f496:556af3bf-a99a-4f61-a138-ae4743d1059a,baada8b1-e62e-44c4-a14d-6702ea90f496,sunbird
f:baada8b1-e62e-44c4-a14d-6702ea90f496:4ab57d70-440d-4e38-8c5c-1e7ef4882192,baada8b1-e62e-44c4-a14d-6702ea90f496,sunbird
f:baada8b1-e62e-44c4-a14d-6702ea90f496:e2ea4fe1-6d5f-454b-ac2b-34c152b9e235,baada8b1-e62e-44c4-a14d-6702ea90f496,sunbird
f:baada8b1-e62e-44c4-a14d-6702ea90f496:5a9ae2d9-7ff8-4ed3-8dbe-c62411097616,baada8b1-e62e-44c4-a14d-6702ea90f496,sunbird
f:baada8b1-e62e-44c4-a14d-6702ea90f496:e4b45148-569c-453e-8196-9730b6d62098,baada8b1-e62e-44c4-a14d-6702ea90f496,sunbird
f:baada8b1-e62e-44c4-a14d-6702ea90f496:0b226c99-6ba5-4b76-b455-5a922e4f4bd0,baada8b1-e62e-44c4-a14d-6702ea90f496,sunbird
f:baada8b1-e62e-44c4-a14d-6702ea90f496:89e642b8-5ead-4c31-b607-74950ddcc9d4,baada8b1-e62e-44c4-a14d-6702ea90f496,sunbird
f:baada8b1-e62e-44c4-a14d-6702ea90f496:4d4e76d5-fef5-453e-9c77-7d58cf00ff6d,baada8b1-e62e-44c4-a14d-6702ea90f496,sunbird
f:baada8b1-e62e-44c4-a14d-6702ea90f496:0cadbcb8-3ff3-4ce4-b302-37c2080f82d4,baada8b1-e62e-44c4-a14d-6702ea90f496,sunbird
f:baada8b1-e62e-44c4-a14d-6702ea90f496:fb156c89-f864-4310-b0f7-e2bbb1ebe1ec,baada8b1-e62e-44c4-a14d-6702ea90f496,sunbird
f:baada8b1-e62e-44c4-a14d-6702ea90f496:20906a2e-2a8b-4573-9eb4-e9725ae35c46,baada8b1-e62e-44c4-a14d-6702ea90f496,sunbird
f:baada8b1-e62e-44c4-a14d-6702ea90f496:22376dd7-a78c-4152-9574-8118060aa29f,baada8b1-e62e-44c4-a14d-6702ea90f496,sunbird
f:baada8b1-e62e-44c4-a14d-6702ea90f496:6746d01e-3a55-4a2a-9623-6cbfe666af62,baada8b1-e62e-44c4-a14d-6702ea90f496,sunbird
f:baada8b1-e62e-44c4-a14d-6702ea90f496:3899e6ac-f229-47d4-8ad0-cb21a5a66ac5,baada8b1-e62e-44c4-a14d-6702ea90f496,sunbird
f:baada8b1-e62e-44c4-a14d-6702ea90f496:fe06e928-aadd-4341-8968-2e2edac47d70,baada8b1-e62e-44c4-a14d-6702ea90f496,sunbird
f:baada8b1-e62e-44c4-a14d-6702ea90f496:211ed139-7bf3-4f70-ac1a-9a38958f8e58,baada8b1-e62e-44c4-a14d-6702ea90f496,sunbird
f:baada8b1-e62e-44c4-a14d-6702ea90f496:15612efa-90a4-4608-90d1-3c3768143562,baada8b1-e62e-44c4-a14d-6702ea90f496,sunbird
f:baada8b1-e62e-44c4-a14d-6702ea90f496:f571cfb8-3b68-4754-b617-5ef95d3d4b33,baada8b1-e62e-44c4-a14d-6702ea90f496,sunbird
f:baada8b1-e62e-44c4-a14d-6702ea90f496:0c8bf22d-3c3d-4af1-ad97-5741aa159646,baada8b1-e62e-44c4-a14d-6702ea90f496,sunbird
f:baada8b1-e62e-44c4-a14d-6702ea90f496:8acaf29d-3a2b-4de7-b085-c09bd3a346b5,baada8b1-e62e-44c4-a14d-6702ea90f496,sunbird
f:baada8b1-e62e-44c4-a14d-6702ea90f496:02ec3b94-d501-4dd5-a55f-1bf9188af38a,baada8b1-e62e-44c4-a14d-6702ea90f496,sunbird
f:baada8b1-e62e-44c4-a14d-6702ea90f496:19f37ec6-a40f-4a7b-ae32-015a156d9a04,baada8b1-e62e-44c4-a14d-6702ea90f496,sunbird
f:baada8b1-e62e-44c4-a14d-6702ea90f496:12580399-2409-49c3-9dfc-8554711caebf,baada8b1-e62e-44c4-a14d-6702ea90f496,sunbird
f:baada8b1-e62e-44c4-a14d-6702ea90f496:a9d746c5-45c7-44a8-bed0-7f9ee9923a4c,baada8b1-e62e-44c4-a14d-6702ea90f496,sunbird
f:baada8b1-e62e-44c4-a14d-6702ea90f496:56116923-880f-48d0-bcb6-197d498c4da6,baada8b1-e62e-44c4-a14d-6702ea90f496,sunbird
f:baada8b1-e62e-44c4-a14d-6702ea90f496:95de53b0-fefc-4ac6-bb01-a552035651e2,baada8b1-e62e-44c4-a14d-6702ea90f496,sunbird
f:baada8b1-e62e-44c4-a14d-6702ea90f496:18ad9a82-f71e-42c9-acc0-e2ef37a7c009,baada8b1-e62e-44c4-a14d-6702ea90f496,sunbird
f:baada8b1-e62e-44c4-a14d-6702ea90f496:53f38a9f-5f8f-4c35-a5fe-18ab82d7aa91,baada8b1-e62e-44c4-a14d-6702ea90f496,sunbird
f:baada8b1-e62e-44c4-a14d-6702ea90f496:c0011757-b7ad-41fd-8b95-f1ceecea8bc9,baada8b1-e62e-44c4-a14d-6702ea90f496,sunbird
f:baada8b1-e62e-44c4-a14d-6702ea90f496:a6a5ce95-48f8-4098-9f3b-70bbfbafb914,baada8b1-e62e-44c4-a14d-6702ea90f496,sunbird
f:baada8b1-e62e-44c4-a14d-6702ea90f496:158e233b-8f57-4258-a425-f3cc5ec57dce,baada8b1-e62e-44c4-a14d-6702ea90f496,sunbird
f:baada8b1-e62e-44c4-a14d-6702ea90f496:a4439799-c77a-45f1-a7c5-ea8db53e66e0,baada8b1-e62e-44c4-a14d-6702ea90f496,sunbird
f:baada8b1-e62e-44c4-a14d-6702ea90f496:ffc57f99-f59c-4a60-b434-d026b1e332f3,baada8b1-e62e-44c4-a14d-6702ea90f496,sunbird
f:baada8b1-e62e-44c4-a14d-6702ea90f496:15af8de1-c641-4cd7-84a2-7fee0bcf4cbb,baada8b1-e62e-44c4-a14d-6702ea90f496,sunbird
f:baada8b1-e62e-44c4-a14d-6702ea90f496:a4bcc706-909a-45b3-beac-96be143ee130,baada8b1-e62e-44c4-a14d-6702ea90f496,sunbird
f:baada8b1-e62e-44c4-a14d-6702ea90f496:d00dd629-8830-4af0-b0d3-39002de57cf4,baada8b1-e62e-44c4-a14d-6702ea90f496,sunbird
f:baada8b1-e62e-44c4-a14d-6702ea90f496:3c205678-3a39-4c01-ac1a-d8d12c9a0a7f,baada8b1-e62e-44c4-a14d-6702ea90f496,sunbird
f:baada8b1-e62e-44c4-a14d-6702ea90f496:7dd3633f-0e0c-4815-8d19-3794ff347482,baada8b1-e62e-44c4-a14d-6702ea90f496,sunbird
f:baada8b1-e62e-44c4-a14d-6702ea90f496:fa2428c7-8a07-4a7e-aa1c-67b70290d5aa,baada8b1-e62e-44c4-a14d-6702ea90f496,sunbird
f:baada8b1-e62e-44c4-a14d-6702ea90f496:5c03f86f-a84a-42c7-8427-f596b58e864b,baada8b1-e62e-44c4-a14d-6702ea90f496,sunbird
f:baada8b1-e62e-44c4-a14d-6702ea90f496:f28a5a49-4ddf-4b56-878c-4d8331302f3a,baada8b1-e62e-44c4-a14d-6702ea90f496,sunbird
f:baada8b1-e62e-44c4-a14d-6702ea90f496:0bc1f226-2215-4852-a41a-8dab88d9e55a,baada8b1-e62e-44c4-a14d-6702ea90f496,sunbird
f:baada8b1-e62e-44c4-a14d-6702ea90f496:6b05895e-3f0f-41db-abab-4d227acb4aca,baada8b1-e62e-44c4-a14d-6702ea90f496,sunbird
f:baada8b1-e62e-44c4-a14d-6702ea90f496:e31abeb5-1832-4a0b-9856-724ce1e18d49,baada8b1-e62e-44c4-a14d-6702ea90f496,sunbird
f:baada8b1-e62e-44c4-a14d-6702ea90f496:e6f74a29-ce1c-45a4-bca7-df392d6237c3,baada8b1-e62e-44c4-a14d-6702ea90f496,sunbird
f:baada8b1-e62e-44c4-a14d-6702ea90f496:010e7853-06e9-4a9d-b1a7-ad2a55dbd27f,baada8b1-e62e-44c4-a14d-6702ea90f496,sunbird
f:baada8b1-e62e-44c4-a14d-6702ea90f496:25311a4f-fa42-4cf7-882a-5e79198edfcb,baada8b1-e62e-44c4-a14d-6702ea90f496,sunbird
f:baada8b1-e62e-44c4-a14d-6702ea90f496:d1fa7365-86b5-47b6-a8f7-4f5b76ad5bc3,baada8b1-e62e-44c4-a14d-6702ea90f496,sunbird
f:baada8b1-e62e-44c4-a14d-6702ea90f496:08792c9f-5747-4d17-aae6-d0675e144b57,baada8b1-e62e-44c4-a14d-6702ea90f496,sunbird
f:baada8b1-e62e-44c4-a14d-6702ea90f496:69730208-1786-4079-a7bd-f89e147ccdd1,baada8b1-e62e-44c4-a14d-6702ea90f496,sunbird
f:baada8b1-e62e-44c4-a14d-6702ea90f496:0f99c0e4-559a-4fe0-bc7a-012c39c03169,baada8b1-e62e-44c4-a14d-6702ea90f496,sunbird
f:baada8b1-e62e-44c4-a14d-6702ea90f496:b65e8059-7031-4ec4-8ea9-83e5b1f07a6c,baada8b1-e62e-44c4-a14d-6702ea90f496,sunbird
f:baada8b1-e62e-44c4-a14d-6702ea90f496:98487aba-dc1b-4df7-aa6c-f77b23faa04a,baada8b1-e62e-44c4-a14d-6702ea90f496,sunbird
f:baada8b1-e62e-44c4-a14d-6702ea90f496:8942f576-1b40-41de-a05d-19b8f25d722d,baada8b1-e62e-44c4-a14d-6702ea90f496,sunbird
f:baada8b1-e62e-44c4-a14d-6702ea90f496:46ad3a30-fb1f-437d-924d-45fe72cc9443,baada8b1-e62e-44c4-a14d-6702ea90f496,sunbird
f:baada8b1-e62e-44c4-a14d-6702ea90f496:48887922-3894-4592-810f-6851a58f9556,baada8b1-e62e-44c4-a14d-6702ea90f496,sunbird
f:baada8b1-e62e-44c4-a14d-6702ea90f496:7bc3f5e0-4149-4bd1-b318-d02bfc2add9b,baada8b1-e62e-44c4-a14d-6702ea90f496,sunbird
f:baada8b1-e62e-44c4-a14d-6702ea90f496:a8e269ca-7240-4ba3-9f88-1d949017fc28,baada8b1-e62e-44c4-a14d-6702ea90f496,sunbird
f:baada8b1-e62e-44c4-a14d-6702ea90f496:89cc96b6-d71b-42cc-adbc-80ab1fb25048,baada8b1-e62e-44c4-a14d-6702ea90f496,sunbird
f:baada8b1-e62e-44c4-a14d-6702ea90f496:ae83ea87-163e-4f35-b857-374a434f5af0,baada8b1-e62e-44c4-a14d-6702ea90f496,sunbird
f:baada8b1-e62e-44c4-a14d-6702ea90f496:19f775d2-24a5-430c-8b0d-0536d17cf40c,baada8b1-e62e-44c4-a14d-6702ea90f496,sunbird
f:baada8b1-e62e-44c4-a14d-6702ea90f496:a5e7be58-6ef3-47b9-909a-916640d7cef5,baada8b1-e62e-44c4-a14d-6702ea90f496,sunbird
f:baada8b1-e62e-44c4-a14d-6702ea90f496:2013a455-448c-4206-af43-8282b47dee3d,baada8b1-e62e-44c4-a14d-6702ea90f496,sunbird
f:baada8b1-e62e-44c4-a14d-6702ea90f496:66fd8dc0-df0c-4e9a-a559-eb4c6bbe3531,baada8b1-e62e-44c4-a14d-6702ea90f496,sunbird
f:baada8b1-e62e-44c4-a14d-6702ea90f496:01916883-b4c9-42a5-935c-478c34b5d9c6,baada8b1-e62e-44c4-a14d-6702ea90f496,sunbird
f:baada8b1-e62e-44c4-a14d-6702ea90f496:8521e6a4-c66e-41f0-9b2a-246e9209eae8,baada8b1-e62e-44c4-a14d-6702ea90f496,sunbird
f:baada8b1-e62e-44c4-a14d-6702ea90f496:3e240126-b928-47aa-b361-83d659daf20d,baada8b1-e62e-44c4-a14d-6702ea90f496,sunbird
f:baada8b1-e62e-44c4-a14d-6702ea90f496:887a5bd6-4984-4759-b60b-b36c90848ea1,baada8b1-e62e-44c4-a14d-6702ea90f496,sunbird
f:baada8b1-e62e-44c4-a14d-6702ea90f496:eb22f939-920d-4655-bde8-37d00c271f9b,baada8b1-e62e-44c4-a14d-6702ea90f496,sunbird
f:baada8b1-e62e-44c4-a14d-6702ea90f496:89bf0756-6f0c-4f39-8208-4d9035dee5c0,baada8b1-e62e-44c4-a14d-6702ea90f496,sunbird
f:baada8b1-e62e-44c4-a14d-6702ea90f496:69bbae0f-7a33-4196-8e96-0bbc032c66a0,baada8b1-e62e-44c4-a14d-6702ea90f496,sunbird
f:baada8b1-e62e-44c4-a14d-6702ea90f496:710b4542-202e-4385-a458-b4f18638ccaa,baada8b1-e62e-44c4-a14d-6702ea90f496,sunbird
f:baada8b1-e62e-44c4-a14d-6702ea90f496:9ffc114e-6c9f-4334-a359-6c3f9535ad6e,baada8b1-e62e-44c4-a14d-6702ea90f496,sunbird
f:baada8b1-e62e-44c4-a14d-6702ea90f496:bc249f5c-8ddf-4edb-9281-5e87007a4c39,baada8b1-e62e-44c4-a14d-6702ea90f496,sunbird
f:baada8b1-e62e-44c4-a14d-6702ea90f496:a8b83744-b500-4454-8133-25de720b395d,baada8b1-e62e-44c4-a14d-6702ea90f496,sunbird
f:baada8b1-e62e-44c4-a14d-6702ea90f496:2684a165-3987-4f42-9b05-58b71fd6e95b,baada8b1-e62e-44c4-a14d-6702ea90f496,sunbird
f:baada8b1-e62e-44c4-a14d-6702ea90f496:cb6f5484-ff4d-4768-8104-a44dd1a60ff1,baada8b1-e62e-44c4-a14d-6702ea90f496,sunbird
f:baada8b1-e62e-44c4-a14d-6702ea90f496:d10905e2-951c-4535-b6d2-8334c5dcf4c0,baada8b1-e62e-44c4-a14d-6702ea90f496,sunbird
f:baada8b1-e62e-44c4-a14d-6702ea90f496:06005764-a403-4d5e-b21c-f9ea20601821,baada8b1-e62e-44c4-a14d-6702ea90f496,sunbird
f:baada8b1-e62e-44c4-a14d-6702ea90f496:25437d42-e81a-472a-8eb6-8402da9c1b6b,baada8b1-e62e-44c4-a14d-6702ea90f496,sunbird
f:baada8b1-e62e-44c4-a14d-6702ea90f496:d00494f8-57f7-4aa5-83f8-fa7ee48cffe0,baada8b1-e62e-44c4-a14d-6702ea90f496,sunbird
f:baada8b1-e62e-44c4-a14d-6702ea90f496:0afee465-99af-427b-8580-c401d0a385a0,baada8b1-e62e-44c4-a14d-6702ea90f496,sunbird
f:baada8b1-e62e-44c4-a14d-6702ea90f496:0855a5bb-9636-4af1-b038-d3d0f7d28083,baada8b1-e62e-44c4-a14d-6702ea90f496,sunbird
f:baada8b1-e62e-44c4-a14d-6702ea90f496:ca5641a5-0ff5-4af5-bd46-e884a5e72f8b,baada8b1-e62e-44c4-a14d-6702ea90f496,sunbird
f:baada8b1-e62e-44c4-a14d-6702ea90f496:b3a8a20b-1f09-47cf-b190-c97c24d8c13c,baada8b1-e62e-44c4-a14d-6702ea90f496,sunbird
f:baada8b1-e62e-44c4-a14d-6702ea90f496:28f74d36-5a47-4f31-887d-2bde09211b10,baada8b1-e62e-44c4-a14d-6702ea90f496,sunbird
f:baada8b1-e62e-44c4-a14d-6702ea90f496:2889e3f3-b1fd-48ae-9508-04f4a707c125,baada8b1-e62e-44c4-a14d-6702ea90f496,sunbird
f:baada8b1-e62e-44c4-a14d-6702ea90f496:f01c54cb-a6f1-40c4-8235-bcf5f6ed9716,baada8b1-e62e-44c4-a14d-6702ea90f496,sunbird
f:baada8b1-e62e-44c4-a14d-6702ea90f496:3b662bec-d6be-4bb3-942f-2b0ab41a4c19,baada8b1-e62e-44c4-a14d-6702ea90f496,sunbird
f:baada8b1-e62e-44c4-a14d-6702ea90f496:830b63c9-5300-467b-8fc8-4b5a0ab8a0d3,baada8b1-e62e-44c4-a14d-6702ea90f496,sunbird
f:baada8b1-e62e-44c4-a14d-6702ea90f496:e91e8ee5-b004-4ea0-9d6f-b54deae45115,baada8b1-e62e-44c4-a14d-6702ea90f496,sunbird
f:baada8b1-e62e-44c4-a14d-6702ea90f496:91adb607-598c-40cd-9c3b-38181a6c5bb2,baada8b1-e62e-44c4-a14d-6702ea90f496,sunbird
f:baada8b1-e62e-44c4-a14d-6702ea90f496:196cdd74-ffda-4b12-b408-5b9754383beb,baada8b1-e62e-44c4-a14d-6702ea90f496,sunbird
f:baada8b1-e62e-44c4-a14d-6702ea90f496:0e650257-a128-4fa0-9873-459abf8ba0b7,baada8b1-e62e-44c4-a14d-6702ea90f496,sunbird
f:baada8b1-e62e-44c4-a14d-6702ea90f496:a4b5cc42-a4c7-447c-a77c-86dde40597aa,baada8b1-e62e-44c4-a14d-6702ea90f496,sunbird
f:baada8b1-e62e-44c4-a14d-6702ea90f496:02d92971-eeed-4ada-9b8b-120e8b648158,baada8b1-e62e-44c4-a14d-6702ea90f496,sunbird
f:baada8b1-e62e-44c4-a14d-6702ea90f496:71056596-276a-4c0e-bfc4-35c0ef278591,baada8b1-e62e-44c4-a14d-6702ea90f496,sunbird
f:baada8b1-e62e-44c4-a14d-6702ea90f496:48ff616b-2cc8-42e5-b8b0-777902e9a16f,baada8b1-e62e-44c4-a14d-6702ea90f496,sunbird
f:baada8b1-e62e-44c4-a14d-6702ea90f496:0fd1da9d-da59-4be9-a3c1-1bcdae82624f,baada8b1-e62e-44c4-a14d-6702ea90f496,sunbird
f:baada8b1-e62e-44c4-a14d-6702ea90f496:055cbb60-4fbb-4ca6-b107-1504f23733df,baada8b1-e62e-44c4-a14d-6702ea90f496,sunbird
f:baada8b1-e62e-44c4-a14d-6702ea90f496:e2a94cfd-561a-4e33-b42c-813c67c7a8bc,baada8b1-e62e-44c4-a14d-6702ea90f496,sunbird
f:baada8b1-e62e-44c4-a14d-6702ea90f496:e8793264-ee9a-43e6-9470-6bc30efeae22,baada8b1-e62e-44c4-a14d-6702ea90f496,sunbird
f:baada8b1-e62e-44c4-a14d-6702ea90f496:b3516ec8-059a-4115-8a39-f1af26c2baac,baada8b1-e62e-44c4-a14d-6702ea90f496,sunbird
f:baada8b1-e62e-44c4-a14d-6702ea90f496:cbdfc19c-fa0a-4dcc-a9f4-55b3ae83424c,baada8b1-e62e-44c4-a14d-6702ea90f496,sunbird
f:baada8b1-e62e-44c4-a14d-6702ea90f496:ac83daae-96f9-40ad-91b0-1e3cb5813b4b,baada8b1-e62e-44c4-a14d-6702ea90f496,sunbird
f:baada8b1-e62e-44c4-a14d-6702ea90f496:48ff0aae-bced-4e80-b553-7fe8819e281c,baada8b1-e62e-44c4-a14d-6702ea90f496,sunbird
f:baada8b1-e62e-44c4-a14d-6702ea90f496:23e748e7-dfaa-462c-83ac-4b7fa06188f2,baada8b1-e62e-44c4-a14d-6702ea90f496,sunbird
f:baada8b1-e62e-44c4-a14d-6702ea90f496:5a5fe553-ab38-463a-9f26-16a8584cded8,baada8b1-e62e-44c4-a14d-6702ea90f496,sunbird
f:baada8b1-e62e-44c4-a14d-6702ea90f496:534036a7-97ed-4776-82d9-601e334dce59,baada8b1-e62e-44c4-a14d-6702ea90f496,sunbird
f:baada8b1-e62e-44c4-a14d-6702ea90f496:945febc2-258c-4846-9e13-5f59bd8ef658,baada8b1-e62e-44c4-a14d-6702ea90f496,sunbird
f:baada8b1-e62e-44c4-a14d-6702ea90f496:e13a3775-4648-4d86-8d9b-1f57e59df03b,baada8b1-e62e-44c4-a14d-6702ea90f496,sunbird
f:baada8b1-e62e-44c4-a14d-6702ea90f496:7bd878d1-3eda-4734-a36c-9f179b97d8e4,baada8b1-e62e-44c4-a14d-6702ea90f496,sunbird
f:baada8b1-e62e-44c4-a14d-6702ea90f496:5bfc1718-817a-4100-82e4-ba69e9f13e9a,baada8b1-e62e-44c4-a14d-6702ea90f496,sunbird
f:baada8b1-e62e-44c4-a14d-6702ea90f496:b2659482-3aea-47d1-ad43-7f103b162ff4,baada8b1-e62e-44c4-a14d-6702ea90f496,sunbird
f:baada8b1-e62e-44c4-a14d-6702ea90f496:4d16fd42-fa40-4ed6-b2a2-e4205b1dc9a2,baada8b1-e62e-44c4-a14d-6702ea90f496,sunbird
f:baada8b1-e62e-44c4-a14d-6702ea90f496:0b8f78cf-c390-4611-82d2-ab562f7102f6,baada8b1-e62e-44c4-a14d-6702ea90f496,sunbird
f:baada8b1-e62e-44c4-a14d-6702ea90f496:2dbf7559-e177-48c6-b72c-6bdeda2a8fd5,baada8b1-e62e-44c4-a14d-6702ea90f496,sunbird
f:baada8b1-e62e-44c4-a14d-6702ea90f496:930845db-b603-4331-b84f-8a574fb525a2,baada8b1-e62e-44c4-a14d-6702ea90f496,sunbird
f:baada8b1-e62e-44c4-a14d-6702ea90f496:4c25f0f4-a5b8-4e52-8730-0374770274c8,baada8b1-e62e-44c4-a14d-6702ea90f496,sunbird
f:baada8b1-e62e-44c4-a14d-6702ea90f496:5363aeff-612d-459e-9bfe-0a7c17dc32fe,baada8b1-e62e-44c4-a14d-6702ea90f496,sunbird
f:baada8b1-e62e-44c4-a14d-6702ea90f496:dc48b8f5-c0f3-4cd0-9259-5624ea3c738c,baada8b1-e62e-44c4-a14d-6702ea90f496,sunbird
f:baada8b1-e62e-44c4-a14d-6702ea90f496:81e247e6-3c97-4dae-a923-8e2fa8d437fd,baada8b1-e62e-44c4-a14d-6702ea90f496,sunbird
f:baada8b1-e62e-44c4-a14d-6702ea90f496:9e6005fd-caa2-4da5-9fbb-7d0585f040c4,baada8b1-e62e-44c4-a14d-6702ea90f496,sunbird
f:baada8b1-e62e-44c4-a14d-6702ea90f496:eb665378-3271-4477-8447-e20a9603f57d,baada8b1-e62e-44c4-a14d-6702ea90f496,sunbird
f:baada8b1-e62e-44c4-a14d-6702ea90f496:ebc4e18b-d002-476a-90a9-be027d330a2f,baada8b1-e62e-44c4-a14d-6702ea90f496,sunbird
f:baada8b1-e62e-44c4-a14d-6702ea90f496:bdb254c1-8faa-4b94-881a-fbc09a352780,baada8b1-e62e-44c4-a14d-6702ea90f496,sunbird
f:baada8b1-e62e-44c4-a14d-6702ea90f496:7acb9a4e-6cae-4c53-b515-8da91fd91500,baada8b1-e62e-44c4-a14d-6702ea90f496,sunbird
f:baada8b1-e62e-44c4-a14d-6702ea90f496:4f4fd964-5757-4ec6-9ffa-61bab58ecc7b,baada8b1-e62e-44c4-a14d-6702ea90f496,sunbird
f:baada8b1-e62e-44c4-a14d-6702ea90f496:8b6d983c-1bd4-4a15-b6ef-d714374edd5a,baada8b1-e62e-44c4-a14d-6702ea90f496,sunbird
f:baada8b1-e62e-44c4-a14d-6702ea90f496:78621352-b02f-4998-86d9-5e280f7ec9d0,baada8b1-e62e-44c4-a14d-6702ea90f496,sunbird
f:baada8b1-e62e-44c4-a14d-6702ea90f496:9954681e-e7e5-407f-bcc6-88b27b429ae8,baada8b1-e62e-44c4-a14d-6702ea90f496,sunbird
f:baada8b1-e62e-44c4-a14d-6702ea90f496:018ce41f-f123-4458-9758-bc6d8816e014,baada8b1-e62e-44c4-a14d-6702ea90f496,sunbird
f:baada8b1-e62e-44c4-a14d-6702ea90f496:53b0e48b-c2e1-4509-83d3-24586f29beff,baada8b1-e62e-44c4-a14d-6702ea90f496,sunbird
f:baada8b1-e62e-44c4-a14d-6702ea90f496:4c1fa0fa-48b4-464c-989c-c7da4d5dfc3f,baada8b1-e62e-44c4-a14d-6702ea90f496,sunbird
f:baada8b1-e62e-44c4-a14d-6702ea90f496:7a978cf1-9588-4ed6-9174-c64875289faf,baada8b1-e62e-44c4-a14d-6702ea90f496,sunbird
f:baada8b1-e62e-44c4-a14d-6702ea90f496:836d16d0-bef0-427c-a1e9-561d56a084e8,baada8b1-e62e-44c4-a14d-6702ea90f496,sunbird
f:baada8b1-e62e-44c4-a14d-6702ea90f496:eba902a9-6527-4c2a-b50f-512243ed97b6,baada8b1-e62e-44c4-a14d-6702ea90f496,sunbird
f:baada8b1-e62e-44c4-a14d-6702ea90f496:f8b736b4-9086-441b-af90-18a07b3bf74a,baada8b1-e62e-44c4-a14d-6702ea90f496,sunbird
f:baada8b1-e62e-44c4-a14d-6702ea90f496:580a6a1a-8f27-4a48-96c2-efffc530a629,baada8b1-e62e-44c4-a14d-6702ea90f496,sunbird
f:baada8b1-e62e-44c4-a14d-6702ea90f496:cbd7a3f8-5611-4693-8269-7c21439bf1dd,baada8b1-e62e-44c4-a14d-6702ea90f496,sunbird
f:baada8b1-e62e-44c4-a14d-6702ea90f496:7ebe59aa-c9ca-4717-a731-2731cb5bcb16,baada8b1-e62e-44c4-a14d-6702ea90f496,sunbird
f:baada8b1-e62e-44c4-a14d-6702ea90f496:1f719158-9271-47ce-8414-216374cb13a1,baada8b1-e62e-44c4-a14d-6702ea90f496,sunbird
f:baada8b1-e62e-44c4-a14d-6702ea90f496:c1d88eff-3b96-40cb-bd8d-e55cdda48078,baada8b1-e62e-44c4-a14d-6702ea90f496,sunbird
f:baada8b1-e62e-44c4-a14d-6702ea90f496:b4cf0cde-cab4-49e3-ae36-c98b3d43bf1e,baada8b1-e62e-44c4-a14d-6702ea90f496,sunbird
f:baada8b1-e62e-44c4-a14d-6702ea90f496:d6808e5b-aeef-4c47-9cd5-66b033f166eb,baada8b1-e62e-44c4-a14d-6702ea90f496,sunbird
f:baada8b1-e62e-44c4-a14d-6702ea90f496:bb7722db-81e0-40bb-be5c-9328603f702a,baada8b1-e62e-44c4-a14d-6702ea90f496,sunbird
f:baada8b1-e62e-44c4-a14d-6702ea90f496:2ff5a4a2-9a70-434e-a92a-722289ea634f,baada8b1-e62e-44c4-a14d-6702ea90f496,sunbird
f:baada8b1-e62e-44c4-a14d-6702ea90f496:4a2a89e4-0c67-4b3c-b72a-9eff3076158f,baada8b1-e62e-44c4-a14d-6702ea90f496,sunbird
f:baada8b1-e62e-44c4-a14d-6702ea90f496:ace137e4-3574-483e-a334-0fe2ad298cca,baada8b1-e62e-44c4-a14d-6702ea90f496,sunbird
f:baada8b1-e62e-44c4-a14d-6702ea90f496:39465548-463e-4b41-b01c-28596a2c59cf,baada8b1-e62e-44c4-a14d-6702ea90f496,sunbird
f:baada8b1-e62e-44c4-a14d-6702ea90f496:9cbeefec-fe72-4dc3-b4e4-c8d5889c2069,baada8b1-e62e-44c4-a14d-6702ea90f496,sunbird
f:baada8b1-e62e-44c4-a14d-6702ea90f496:bf06d8bd-5876-4978-a43c-3fcaaefd5677,baada8b1-e62e-44c4-a14d-6702ea90f496,sunbird
f:baada8b1-e62e-44c4-a14d-6702ea90f496:0a8725e1-d266-42cc-b5ef-331e602a51cf,baada8b1-e62e-44c4-a14d-6702ea90f496,sunbird
f:baada8b1-e62e-44c4-a14d-6702ea90f496:60bce6ac-6a3c-42fb-b890-8e7050481641,baada8b1-e62e-44c4-a14d-6702ea90f496,sunbird
f:baada8b1-e62e-44c4-a14d-6702ea90f496:c0885c14-2f46-4823-9ede-145f33df3c06,baada8b1-e62e-44c4-a14d-6702ea90f496,sunbird
f:baada8b1-e62e-44c4-a14d-6702ea90f496:83fd81b5-05dc-4506-9d1e-e36d7b259e1e,baada8b1-e62e-44c4-a14d-6702ea90f496,sunbird
f:baada8b1-e62e-44c4-a14d-6702ea90f496:db89ad52-b7e3-431b-b163-4205610e9fda,baada8b1-e62e-44c4-a14d-6702ea90f496,sunbird
f:baada8b1-e62e-44c4-a14d-6702ea90f496:add19e37-5056-4180-82a5-65d73fba4298,baada8b1-e62e-44c4-a14d-6702ea90f496,sunbird
f:baada8b1-e62e-44c4-a14d-6702ea90f496:6f917fa3-243d-4cc7-9001-f3074e7e80b1,baada8b1-e62e-44c4-a14d-6702ea90f496,sunbird
f:baada8b1-e62e-44c4-a14d-6702ea90f496:82c7e817-a704-42e9-bc2d-25059b9656d2,baada8b1-e62e-44c4-a14d-6702ea90f496,sunbird
f:baada8b1-e62e-44c4-a14d-6702ea90f496:6f49d250-12cc-448f-bd99-b170965d755d,baada8b1-e62e-44c4-a14d-6702ea90f496,sunbird
f:baada8b1-e62e-44c4-a14d-6702ea90f496:b340a884-cd18-4502-a799-9486befdca61,baada8b1-e62e-44c4-a14d-6702ea90f496,sunbird
f:baada8b1-e62e-44c4-a14d-6702ea90f496:04ae9fe8-e519-4ece-bea3-fe60edcd517c,baada8b1-e62e-44c4-a14d-6702ea90f496,sunbird
f:baada8b1-e62e-44c4-a14d-6702ea90f496:d39f72c1-55b5-488a-9036-37b6afabefed,baada8b1-e62e-44c4-a14d-6702ea90f496,sunbird
f:baada8b1-e62e-44c4-a14d-6702ea90f496:e4329cc0-d3b5-4024-8e49-8ee454ab2880,baada8b1-e62e-44c4-a14d-6702ea90f496,sunbird
f:baada8b1-e62e-44c4-a14d-6702ea90f496:71abaf9b-da0e-41dd-b554-cf537f738fe6,baada8b1-e62e-44c4-a14d-6702ea90f496,sunbird
f:baada8b1-e62e-44c4-a14d-6702ea90f496:62615beb-ea84-458e-a79c-6ef4cc41df1d,baada8b1-e62e-44c4-a14d-6702ea90f496,sunbird
f:baada8b1-e62e-44c4-a14d-6702ea90f496:47299951-d378-46ae-8246-077a0ab47ad5,baada8b1-e62e-44c4-a14d-6702ea90f496,sunbird
f:baada8b1-e62e-44c4-a14d-6702ea90f496:046009b0-cd01-4cac-824d-483ed52b8329,baada8b1-e62e-44c4-a14d-6702ea90f496,sunbird
f:baada8b1-e62e-44c4-a14d-6702ea90f496:853464dd-9194-4860-98fb-4d34c33e05ad,baada8b1-e62e-44c4-a14d-6702ea90f496,sunbird
f:baada8b1-e62e-44c4-a14d-6702ea90f496:ab768d1d-0838-45b3-b667-9296f7a7524c,baada8b1-e62e-44c4-a14d-6702ea90f496,sunbird
f:baada8b1-e62e-44c4-a14d-6702ea90f496:9aaff332-e95e-4d8f-a58b-d26fa1769558,baada8b1-e62e-44c4-a14d-6702ea90f496,sunbird
f:baada8b1-e62e-44c4-a14d-6702ea90f496:9607de33-2a8f-41c5-aeb7-b01f34fb1d39,baada8b1-e62e-44c4-a14d-6702ea90f496,sunbird
f:baada8b1-e62e-44c4-a14d-6702ea90f496:a5a24896-24b6-4148-8dac-abc090088a34,baada8b1-e62e-44c4-a14d-6702ea90f496,sunbird
f:baada8b1-e62e-44c4-a14d-6702ea90f496:02071827-2594-4e6d-bb78-3f1b660e0189,baada8b1-e62e-44c4-a14d-6702ea90f496,sunbird
f:baada8b1-e62e-44c4-a14d-6702ea90f496:cb2a917a-ffd1-4732-8783-6c9d61edfaf0,baada8b1-e62e-44c4-a14d-6702ea90f496,sunbird
f:baada8b1-e62e-44c4-a14d-6702ea90f496:2be1d446-4f62-4403-aa4a-3ae7d28175d0,baada8b1-e62e-44c4-a14d-6702ea90f496,sunbird
f:baada8b1-e62e-44c4-a14d-6702ea90f496:183fe0e1-95a3-4b21-b12f-8199b47167a7,baada8b1-e62e-44c4-a14d-6702ea90f496,sunbird
f:baada8b1-e62e-44c4-a14d-6702ea90f496:33679928-c973-4762-b04e-f74ff68493e4,baada8b1-e62e-44c4-a14d-6702ea90f496,sunbird
f:baada8b1-e62e-44c4-a14d-6702ea90f496:841ee0ba-30d8-4268-aa1d-85d2fd0be1cf,baada8b1-e62e-44c4-a14d-6702ea90f496,sunbird
f:baada8b1-e62e-44c4-a14d-6702ea90f496:491571fa-089d-4b6e-9f02-e2edc554eb17,baada8b1-e62e-44c4-a14d-6702ea90f496,sunbird
f:baada8b1-e62e-44c4-a14d-6702ea90f496:98a104bb-47f8-48bb-a3d0-0c7be3f8b5ec,baada8b1-e62e-44c4-a14d-6702ea90f496,sunbird
f:baada8b1-e62e-44c4-a14d-6702ea90f496:fb0b3a03-d050-4b75-86ec-0354331a6b22,baada8b1-e62e-44c4-a14d-6702ea90f496,sunbird
f:baada8b1-e62e-44c4-a14d-6702ea90f496:b82aadca-f249-4962-841e-d82987d83b24,baada8b1-e62e-44c4-a14d-6702ea90f496,sunbird
f:baada8b1-e62e-44c4-a14d-6702ea90f496:ff4d7f99-3620-4c30-92e4-8f9ad52522e9,baada8b1-e62e-44c4-a14d-6702ea90f496,sunbird
f:baada8b1-e62e-44c4-a14d-6702ea90f496:621c92cb-0261-41c8-92a7-87162ac52a20,baada8b1-e62e-44c4-a14d-6702ea90f496,sunbird
f:baada8b1-e62e-44c4-a14d-6702ea90f496:af17a4c4-0439-418b-9c74-faa109637ff1,baada8b1-e62e-44c4-a14d-6702ea90f496,sunbird
f:baada8b1-e62e-44c4-a14d-6702ea90f496:2e1f1a14-6b74-4d29-8bde-0fa0d922646f,baada8b1-e62e-44c4-a14d-6702ea90f496,sunbird
f:baada8b1-e62e-44c4-a14d-6702ea90f496:95a357c6-99d9-43d2-8d1b-42bea6f8c132,baada8b1-e62e-44c4-a14d-6702ea90f496,sunbird
f:baada8b1-e62e-44c4-a14d-6702ea90f496:91607299-b8a1-4505-8879-9dddb139d647,baada8b1-e62e-44c4-a14d-6702ea90f496,sunbird
f:baada8b1-e62e-44c4-a14d-6702ea90f496:e0ab8a99-2645-4de8-ae0e-58f9c2db7f04,baada8b1-e62e-44c4-a14d-6702ea90f496,sunbird
f:baada8b1-e62e-44c4-a14d-6702ea90f496:872e3d13-35a9-4fb4-8e11-0ba613f5d26d,baada8b1-e62e-44c4-a14d-6702ea90f496,sunbird
f:baada8b1-e62e-44c4-a14d-6702ea90f496:75d365e7-6e43-45c2-8c2a-c915916668fc,baada8b1-e62e-44c4-a14d-6702ea90f496,sunbird
f:baada8b1-e62e-44c4-a14d-6702ea90f496:90429f70-91bb-4cfe-8e4c-320c5d286498,baada8b1-e62e-44c4-a14d-6702ea90f496,sunbird
f:baada8b1-e62e-44c4-a14d-6702ea90f496:4ee38526-4f8d-4e2a-abf4-f4024699beb8,baada8b1-e62e-44c4-a14d-6702ea90f496,sunbird
f:baada8b1-e62e-44c4-a14d-6702ea90f496:3e69544e-11aa-4e28-9085-363872c96e58,baada8b1-e62e-44c4-a14d-6702ea90f496,sunbird
f:baada8b1-e62e-44c4-a14d-6702ea90f496:de165be3-22b4-47e3-bc0f-1a670fe16ddf,baada8b1-e62e-44c4-a14d-6702ea90f496,sunbird
f:baada8b1-e62e-44c4-a14d-6702ea90f496:f9035c3d-8f83-4858-8aa0-7855d25d1ce4,baada8b1-e62e-44c4-a14d-6702ea90f496,sunbird
f:baada8b1-e62e-44c4-a14d-6702ea90f496:a5751841-07b1-48c4-9cd7-798f85fd312c,baada8b1-e62e-44c4-a14d-6702ea90f496,sunbird
f:baada8b1-e62e-44c4-a14d-6702ea90f496:4707c0cf-61ba-42a7-a9df-80bacb3b20f7,baada8b1-e62e-44c4-a14d-6702ea90f496,sunbird
f:baada8b1-e62e-44c4-a14d-6702ea90f496:181bcfea-5e6a-4446-9a2c-2452023908e0,baada8b1-e62e-44c4-a14d-6702ea90f496,sunbird
f:baada8b1-e62e-44c4-a14d-6702ea90f496:ba6098bf-cc7f-4249-ac8b-6f4b006120c7,baada8b1-e62e-44c4-a14d-6702ea90f496,sunbird
f:baada8b1-e62e-44c4-a14d-6702ea90f496:a7e234d6-0b55-4358-8ede-8abd554a6392,baada8b1-e62e-44c4-a14d-6702ea90f496,sunbird
f:baada8b1-e62e-44c4-a14d-6702ea90f496:10efda82-3339-4faf-abb9-62a121790402,baada8b1-e62e-44c4-a14d-6702ea90f496,sunbird
f:baada8b1-e62e-44c4-a14d-6702ea90f496:1002e362-4616-477f-9719-353cb762efbd,baada8b1-e62e-44c4-a14d-6702ea90f496,sunbird
f:baada8b1-e62e-44c4-a14d-6702ea90f496:f5b382cf-66fe-485c-8d41-ca65ef01e692,baada8b1-e62e-44c4-a14d-6702ea90f496,sunbird
f:baada8b1-e62e-44c4-a14d-6702ea90f496:9ab19a10-eb72-4742-afbe-2800b5c32cfc,baada8b1-e62e-44c4-a14d-6702ea90f496,sunbird
f:baada8b1-e62e-44c4-a14d-6702ea90f496:4f029e71-7ec3-47aa-b37e-45c1052a3cbd,baada8b1-e62e-44c4-a14d-6702ea90f496,sunbird
f:baada8b1-e62e-44c4-a14d-6702ea90f496:5b24fcee-b9ba-433d-b982-b8210f8c8881,baada8b1-e62e-44c4-a14d-6702ea90f496,sunbird
f:baada8b1-e62e-44c4-a14d-6702ea90f496:25855ecf-9fb6-4c82-a066-2497df3626dd,baada8b1-e62e-44c4-a14d-6702ea90f496,sunbird
f:baada8b1-e62e-44c4-a14d-6702ea90f496:e9178f24-4fd4-490a-a0be-4bee55c1e0e0,baada8b1-e62e-44c4-a14d-6702ea90f496,sunbird
f:baada8b1-e62e-44c4-a14d-6702ea90f496:550d3d2f-6222-4a8e-9dad-4fde9c842696,baada8b1-e62e-44c4-a14d-6702ea90f496,sunbird
f:baada8b1-e62e-44c4-a14d-6702ea90f496:631b2a31-f516-486a-9a63-ac30a653bd11,baada8b1-e62e-44c4-a14d-6702ea90f496,sunbird
f:baada8b1-e62e-44c4-a14d-6702ea90f496:3814a523-b015-4b5e-8273-e6ae38ee47d9,baada8b1-e62e-44c4-a14d-6702ea90f496,sunbird
f:baada8b1-e62e-44c4-a14d-6702ea90f496:63a1d22f-23c4-42c8-bc07-d940414e0c74,baada8b1-e62e-44c4-a14d-6702ea90f496,sunbird
f:baada8b1-e62e-44c4-a14d-6702ea90f496:0beab6fb-c484-4194-9f25-02db4f1923ae,baada8b1-e62e-44c4-a14d-6702ea90f496,sunbird
f:baada8b1-e62e-44c4-a14d-6702ea90f496:cd558cb5-d82e-4722-96d2-aaf51deceaa7,baada8b1-e62e-44c4-a14d-6702ea90f496,sunbird
f:baada8b1-e62e-44c4-a14d-6702ea90f496:b3d4fe5d-8704-4239-8c39-05264fca46d5,baada8b1-e62e-44c4-a14d-6702ea90f496,sunbird
f:baada8b1-e62e-44c4-a14d-6702ea90f496:6d9d45a4-35ef-477f-85b5-57fe1033c628,baada8b1-e62e-44c4-a14d-6702ea90f496,sunbird
f:baada8b1-e62e-44c4-a14d-6702ea90f496:89f46b66-74f4-4fd3-bb7f-0a133526ec17,baada8b1-e62e-44c4-a14d-6702ea90f496,sunbird
f:baada8b1-e62e-44c4-a14d-6702ea90f496:458fd8ad-f7f4-49b8-b13f-63276ba83a60,baada8b1-e62e-44c4-a14d-6702ea90f496,sunbird
f:baada8b1-e62e-44c4-a14d-6702ea90f496:32806ce8-63c3-4493-b6d1-4fec3dbd58b5,baada8b1-e62e-44c4-a14d-6702ea90f496,sunbird
f:baada8b1-e62e-44c4-a14d-6702ea90f496:c91dd8ba-77d2-44ee-b2c6-e824b38b6095,baada8b1-e62e-44c4-a14d-6702ea90f496,sunbird
f:baada8b1-e62e-44c4-a14d-6702ea90f496:8af04672-1fca-4739-84b4-c882267e1830,baada8b1-e62e-44c4-a14d-6702ea90f496,sunbird
f:baada8b1-e62e-44c4-a14d-6702ea90f496:762d3042-7f22-4ebd-9731-0560753a9cc0,baada8b1-e62e-44c4-a14d-6702ea90f496,sunbird
f:baada8b1-e62e-44c4-a14d-6702ea90f496:7231153d-615a-4989-a5ce-6656ecf31541,baada8b1-e62e-44c4-a14d-6702ea90f496,sunbird
f:baada8b1-e62e-44c4-a14d-6702ea90f496:30886787-2a56-4646-9513-590da2b4f775,baada8b1-e62e-44c4-a14d-6702ea90f496,sunbird
f:baada8b1-e62e-44c4-a14d-6702ea90f496:2b3ed3d6-9242-4efa-be9b-560ec1643110,baada8b1-e62e-44c4-a14d-6702ea90f496,sunbird
f:baada8b1-e62e-44c4-a14d-6702ea90f496:190eac0c-86f8-41ed-bbac-be5ac0025191,baada8b1-e62e-44c4-a14d-6702ea90f496,sunbird
f:baada8b1-e62e-44c4-a14d-6702ea90f496:4741a88b-5326-43b4-bbc5-657dc8d4e17e,baada8b1-e62e-44c4-a14d-6702ea90f496,sunbird
f:baada8b1-e62e-44c4-a14d-6702ea90f496:04687907-cec1-45c6-a066-111ef5bb9955,baada8b1-e62e-44c4-a14d-6702ea90f496,sunbird
f:baada8b1-e62e-44c4-a14d-6702ea90f496:32b623d3-1354-4932-bdc5-c6e625e48115,baada8b1-e62e-44c4-a14d-6702ea90f496,sunbird
f:baada8b1-e62e-44c4-a14d-6702ea90f496:046637e8-3713-4993-b848-d85e4a9c8f7c,baada8b1-e62e-44c4-a14d-6702ea90f496,sunbird
f:baada8b1-e62e-44c4-a14d-6702ea90f496:f43a8a50-f96f-43b7-bb94-a86ede6d1650,baada8b1-e62e-44c4-a14d-6702ea90f496,sunbird
f:baada8b1-e62e-44c4-a14d-6702ea90f496:584452ef-377d-4241-914d-4f329c69d7da,baada8b1-e62e-44c4-a14d-6702ea90f496,sunbird
f:baada8b1-e62e-44c4-a14d-6702ea90f496:2b39a332-3c32-4001-b9b1-9f0d320f0714,baada8b1-e62e-44c4-a14d-6702ea90f496,sunbird
f:baada8b1-e62e-44c4-a14d-6702ea90f496:d53882f2-41f3-4907-b11f-e1d2c89bdf4b,baada8b1-e62e-44c4-a14d-6702ea90f496,sunbird
f:baada8b1-e62e-44c4-a14d-6702ea90f496:62a1ac6b-c822-4845-8ab6-645ca2f13028,baada8b1-e62e-44c4-a14d-6702ea90f496,sunbird
f:baada8b1-e62e-44c4-a14d-6702ea90f496:dcc77ec6-2976-4178-923a-08ee940b8292,baada8b1-e62e-44c4-a14d-6702ea90f496,sunbird
f:baada8b1-e62e-44c4-a14d-6702ea90f496:ad72fb72-3426-4ce7-9126-0b0a6eecfe54,baada8b1-e62e-44c4-a14d-6702ea90f496,sunbird
f:baada8b1-e62e-44c4-a14d-6702ea90f496:2bc9667c-8cb3-431b-b20c-c702eea942ad,baada8b1-e62e-44c4-a14d-6702ea90f496,sunbird
f:baada8b1-e62e-44c4-a14d-6702ea90f496:eece07de-6a14-4a73-a31b-931421640f4c,baada8b1-e62e-44c4-a14d-6702ea90f496,sunbird
f:baada8b1-e62e-44c4-a14d-6702ea90f496:c0915cee-df98-4391-917e-02ed9b07d54f,baada8b1-e62e-44c4-a14d-6702ea90f496,sunbird
f:baada8b1-e62e-44c4-a14d-6702ea90f496:0613ec72-1e06-47a0-a823-0baaf5892ec8,baada8b1-e62e-44c4-a14d-6702ea90f496,sunbird
f:baada8b1-e62e-44c4-a14d-6702ea90f496:a6e79a8e-66cc-4984-81b3-d4d924a136f4,baada8b1-e62e-44c4-a14d-6702ea90f496,sunbird
f:baada8b1-e62e-44c4-a14d-6702ea90f496:e9db628b-94ab-4347-9422-122b8b328ad0,baada8b1-e62e-44c4-a14d-6702ea90f496,sunbird
f:baada8b1-e62e-44c4-a14d-6702ea90f496:9029b54d-c167-4d88-a1fe-0c31b940c07f,baada8b1-e62e-44c4-a14d-6702ea90f496,sunbird
f:baada8b1-e62e-44c4-a14d-6702ea90f496:27c89126-a94f-417e-9551-01d6d412d005,baada8b1-e62e-44c4-a14d-6702ea90f496,sunbird
f:baada8b1-e62e-44c4-a14d-6702ea90f496:5e4e4231-0033-4f8e-8836-a7ddc488004a,baada8b1-e62e-44c4-a14d-6702ea90f496,sunbird
f:baada8b1-e62e-44c4-a14d-6702ea90f496:65759282-1151-47bb-8727-9e11e18534db,baada8b1-e62e-44c4-a14d-6702ea90f496,sunbird
f:baada8b1-e62e-44c4-a14d-6702ea90f496:ea3d2d94-8865-4ac8-9381-6ba90f609f58,baada8b1-e62e-44c4-a14d-6702ea90f496,sunbird
f:baada8b1-e62e-44c4-a14d-6702ea90f496:af1d211b-009e-45d9-9c86-f3b34aa91d3c,baada8b1-e62e-44c4-a14d-6702ea90f496,sunbird
f:baada8b1-e62e-44c4-a14d-6702ea90f496:fe7ad872-5ac5-40a7-9d37-0617b8ecc3a6,baada8b1-e62e-44c4-a14d-6702ea90f496,sunbird
f:baada8b1-e62e-44c4-a14d-6702ea90f496:25d711c6-9d86-4444-8a4e-c2dac9904135,baada8b1-e62e-44c4-a14d-6702ea90f496,sunbird
f:baada8b1-e62e-44c4-a14d-6702ea90f496:9a15d931-92c0-4ebb-871a-c5a91c790bb0,baada8b1-e62e-44c4-a14d-6702ea90f496,sunbird
f:baada8b1-e62e-44c4-a14d-6702ea90f496:cafe4c34-820b-46d7-aa0a-ac9d8b144d04,baada8b1-e62e-44c4-a14d-6702ea90f496,sunbird
f:baada8b1-e62e-44c4-a14d-6702ea90f496:2386d6d2-3a79-4f41-88cb-c27bb1c832e5,baada8b1-e62e-44c4-a14d-6702ea90f496,sunbird
f:baada8b1-e62e-44c4-a14d-6702ea90f496:1eea82a2-60cd-438d-9017-dc7898bdd3ea,baada8b1-e62e-44c4-a14d-6702ea90f496,sunbird
f:baada8b1-e62e-44c4-a14d-6702ea90f496:3085de86-28bf-4bf0-a27e-48e41376538a,baada8b1-e62e-44c4-a14d-6702ea90f496,sunbird
f:baada8b1-e62e-44c4-a14d-6702ea90f496:72a792f4-be63-4c5d-bff4-a5ecea254215,baada8b1-e62e-44c4-a14d-6702ea90f496,sunbird
f:baada8b1-e62e-44c4-a14d-6702ea90f496:aeaf2503-eb96-4a73-ad3c-8a6dcf171c51,baada8b1-e62e-44c4-a14d-6702ea90f496,sunbird
f:baada8b1-e62e-44c4-a14d-6702ea90f496:b2651500-d503-41df-b9a0-77dabe93e864,baada8b1-e62e-44c4-a14d-6702ea90f496,sunbird
f:baada8b1-e62e-44c4-a14d-6702ea90f496:358e5974-e6ba-41fe-a515-996e36613a79,baada8b1-e62e-44c4-a14d-6702ea90f496,sunbird
f:baada8b1-e62e-44c4-a14d-6702ea90f496:447b4710-4058-48ae-9b26-2cd429f2bdd0,baada8b1-e62e-44c4-a14d-6702ea90f496,sunbird
f:baada8b1-e62e-44c4-a14d-6702ea90f496:ec26c0c9-4c6f-49fd-a7de-c7332955d5cb,baada8b1-e62e-44c4-a14d-6702ea90f496,sunbird
f:baada8b1-e62e-44c4-a14d-6702ea90f496:a02ee517-94ec-4516-b1f2-d0a354294ef4,baada8b1-e62e-44c4-a14d-6702ea90f496,sunbird
f:baada8b1-e62e-44c4-a14d-6702ea90f496:db900578-e29b-4608-9829-3c78265fa39c,baada8b1-e62e-44c4-a14d-6702ea90f496,sunbird
f:baada8b1-e62e-44c4-a14d-6702ea90f496:225c4c51-54fa-4382-8515-150dd2b30f03,baada8b1-e62e-44c4-a14d-6702ea90f496,sunbird
f:baada8b1-e62e-44c4-a14d-6702ea90f496:91919441-8bcf-4344-b659-23cfb7a58771,baada8b1-e62e-44c4-a14d-6702ea90f496,sunbird
f:baada8b1-e62e-44c4-a14d-6702ea90f496:cfb5f39b-841d-4a5d-9199-02ccace31ba2,baada8b1-e62e-44c4-a14d-6702ea90f496,sunbird
f:baada8b1-e62e-44c4-a14d-6702ea90f496:23fc9e98-ae57-4647-aaad-4e6fe456c4d1,baada8b1-e62e-44c4-a14d-6702ea90f496,sunbird
f:baada8b1-e62e-44c4-a14d-6702ea90f496:1fdfd4e9-4fcd-434c-8ffd-5f67ec5d14df,baada8b1-e62e-44c4-a14d-6702ea90f496,sunbird
f:baada8b1-e62e-44c4-a14d-6702ea90f496:06c5ae34-11d6-4715-8daf-ff70596c2dfb,baada8b1-e62e-44c4-a14d-6702ea90f496,sunbird
f:baada8b1-e62e-44c4-a14d-6702ea90f496:9d4ccea1-71e9-4bb3-8b48-412f23fceaba,baada8b1-e62e-44c4-a14d-6702ea90f496,sunbird
f:baada8b1-e62e-44c4-a14d-6702ea90f496:baf9d053-b940-42d4-af61-090ac1796770,baada8b1-e62e-44c4-a14d-6702ea90f496,sunbird
f:baada8b1-e62e-44c4-a14d-6702ea90f496:1f0994df-720e-4008-8a14-b1798cc8c521,baada8b1-e62e-44c4-a14d-6702ea90f496,sunbird
f:baada8b1-e62e-44c4-a14d-6702ea90f496:02f128fc-7183-47ea-8f03-f285b2049e1d,baada8b1-e62e-44c4-a14d-6702ea90f496,sunbird
f:baada8b1-e62e-44c4-a14d-6702ea90f496:fcb61605-44dc-487f-bdc0-a97262576823,baada8b1-e62e-44c4-a14d-6702ea90f496,sunbird
f:baada8b1-e62e-44c4-a14d-6702ea90f496:1a61eeaf-217f-4fe3-b8e0-2a0f34023ea0,baada8b1-e62e-44c4-a14d-6702ea90f496,sunbird
f:baada8b1-e62e-44c4-a14d-6702ea90f496:291fd548-ab04-4f16-938a-67963ed0b6b6,baada8b1-e62e-44c4-a14d-6702ea90f496,sunbird
f:baada8b1-e62e-44c4-a14d-6702ea90f496:7b620f4b-0690-4f28-b5bb-6caf5b5f3436,baada8b1-e62e-44c4-a14d-6702ea90f496,sunbird
f:baada8b1-e62e-44c4-a14d-6702ea90f496:5a14befb-771e-41d6-ab1f-824914a27b48,baada8b1-e62e-44c4-a14d-6702ea90f496,sunbird
f:baada8b1-e62e-44c4-a14d-6702ea90f496:0ab5a71f-5376-456f-9e5c-355be166ba74,baada8b1-e62e-44c4-a14d-6702ea90f496,sunbird
f:baada8b1-e62e-44c4-a14d-6702ea90f496:b4c0fe83-eb3c-429c-b70a-6d29c0e6441b,baada8b1-e62e-44c4-a14d-6702ea90f496,sunbird
f:baada8b1-e62e-44c4-a14d-6702ea90f496:582e52b0-42e5-48a2-9860-c6a8e725a1bf,baada8b1-e62e-44c4-a14d-6702ea90f496,sunbird
f:baada8b1-e62e-44c4-a14d-6702ea90f496:9aae9ba8-eb02-41c5-b0b5-6ca489c0c889,baada8b1-e62e-44c4-a14d-6702ea90f496,sunbird
f:baada8b1-e62e-44c4-a14d-6702ea90f496:1a8fd95d-5002-4141-9da0-c94dfa83a555,baada8b1-e62e-44c4-a14d-6702ea90f496,sunbird
f:baada8b1-e62e-44c4-a14d-6702ea90f496:f0aa3bfd-49f7-49a1-9b52-890c927a7a5e,baada8b1-e62e-44c4-a14d-6702ea90f496,sunbird
f:baada8b1-e62e-44c4-a14d-6702ea90f496:b6b46442-2160-43ad-800e-83d1280f4662,baada8b1-e62e-44c4-a14d-6702ea90f496,sunbird
f:baada8b1-e62e-44c4-a14d-6702ea90f496:56015894-f5bf-4224-bbf3-cd118a42d17e,baada8b1-e62e-44c4-a14d-6702ea90f496,sunbird
f:baada8b1-e62e-44c4-a14d-6702ea90f496:1c66c809-623c-41f4-8918-6880122f0384,baada8b1-e62e-44c4-a14d-6702ea90f496,sunbird
f:baada8b1-e62e-44c4-a14d-6702ea90f496:45120980-0a6c-4e3d-bf01-c6ce7d725dbe,baada8b1-e62e-44c4-a14d-6702ea90f496,sunbird
f:baada8b1-e62e-44c4-a14d-6702ea90f496:77220fee-81f6-4064-ac71-cb9e15ba5c83,baada8b1-e62e-44c4-a14d-6702ea90f496,sunbird
f:baada8b1-e62e-44c4-a14d-6702ea90f496:63700468-898c-4cde-9dc1-fdacf391b4a8,baada8b1-e62e-44c4-a14d-6702ea90f496,sunbird
f:baada8b1-e62e-44c4-a14d-6702ea90f496:1571bf8e-2c84-43ee-af22-0eb30294d889,baada8b1-e62e-44c4-a14d-6702ea90f496,sunbird
f:baada8b1-e62e-44c4-a14d-6702ea90f496:839318c5-fcc5-4a07-88ed-a389282cf0b1,baada8b1-e62e-44c4-a14d-6702ea90f496,sunbird
f:baada8b1-e62e-44c4-a14d-6702ea90f496:ac180e3f-4f0a-4c2f-bcd3-fb8e6d5ff910,baada8b1-e62e-44c4-a14d-6702ea90f496,sunbird
f:baada8b1-e62e-44c4-a14d-6702ea90f496:0fdb4b40-5e48-4c88-9b83-bcaf32ec929d,baada8b1-e62e-44c4-a14d-6702ea90f496,sunbird
f:baada8b1-e62e-44c4-a14d-6702ea90f496:ebf4d96b-25b2-4f15-9bc8-d1a281e69a1c,baada8b1-e62e-44c4-a14d-6702ea90f496,sunbird
f:baada8b1-e62e-44c4-a14d-6702ea90f496:17142044-a661-4f17-a182-0574182c5174,baada8b1-e62e-44c4-a14d-6702ea90f496,sunbird
f:baada8b1-e62e-44c4-a14d-6702ea90f496:3418faf2-a230-4761-b3c4-bc5bc4ea3458,baada8b1-e62e-44c4-a14d-6702ea90f496,sunbird
f:baada8b1-e62e-44c4-a14d-6702ea90f496:93606bdd-4be1-4711-9850-59b75a296327,baada8b1-e62e-44c4-a14d-6702ea90f496,sunbird
f:baada8b1-e62e-44c4-a14d-6702ea90f496:315331c7-b489-446c-88cd-7a08629acc57,baada8b1-e62e-44c4-a14d-6702ea90f496,sunbird
f:baada8b1-e62e-44c4-a14d-6702ea90f496:f27e68f9-4720-4421-a822-9b909c8cbcab,baada8b1-e62e-44c4-a14d-6702ea90f496,sunbird
f:baada8b1-e62e-44c4-a14d-6702ea90f496:6d7841bd-d93b-4331-83ce-3bcfea32c006,baada8b1-e62e-44c4-a14d-6702ea90f496,sunbird
f:baada8b1-e62e-44c4-a14d-6702ea90f496:9f1dc803-e805-4f63-a48d-64d8f304672c,baada8b1-e62e-44c4-a14d-6702ea90f496,sunbird
f:baada8b1-e62e-44c4-a14d-6702ea90f496:6676f034-8753-473e-a061-6de7d8dbadd4,baada8b1-e62e-44c4-a14d-6702ea90f496,sunbird
f:baada8b1-e62e-44c4-a14d-6702ea90f496:18496cb5-4d98-4c38-83f1-0261d384890a,baada8b1-e62e-44c4-a14d-6702ea90f496,sunbird
f:baada8b1-e62e-44c4-a14d-6702ea90f496:3a1c52f6-86db-4e96-a5e9-f627e50be35a,baada8b1-e62e-44c4-a14d-6702ea90f496,sunbird
f:baada8b1-e62e-44c4-a14d-6702ea90f496:092cf4f1-fd72-46df-9c34-dfac111cb693,baada8b1-e62e-44c4-a14d-6702ea90f496,sunbird
f:baada8b1-e62e-44c4-a14d-6702ea90f496:7a815677-d56f-4005-9bf2-c4e4d857c229,baada8b1-e62e-44c4-a14d-6702ea90f496,sunbird
f:baada8b1-e62e-44c4-a14d-6702ea90f496:dba94e37-dca0-4347-829b-f761bf0842c8,baada8b1-e62e-44c4-a14d-6702ea90f496,sunbird
f:baada8b1-e62e-44c4-a14d-6702ea90f496:98d584f7-7372-46fb-a8a7-349f34c60694,baada8b1-e62e-44c4-a14d-6702ea90f496,sunbird
f:baada8b1-e62e-44c4-a14d-6702ea90f496:471fb4c3-dafd-4bf4-a714-405ccbfb17c4,baada8b1-e62e-44c4-a14d-6702ea90f496,sunbird
f:baada8b1-e62e-44c4-a14d-6702ea90f496:13cd3567-a71e-42e8-b7e7-47664440587d,baada8b1-e62e-44c4-a14d-6702ea90f496,sunbird
f:baada8b1-e62e-44c4-a14d-6702ea90f496:6de625e3-ef50-4c93-b98c-c3996b0a96db,baada8b1-e62e-44c4-a14d-6702ea90f496,sunbird
f:baada8b1-e62e-44c4-a14d-6702ea90f496:5ced0ab6-ccf3-49db-ac10-d3f4ddb6e866,baada8b1-e62e-44c4-a14d-6702ea90f496,sunbird
f:baada8b1-e62e-44c4-a14d-6702ea90f496:17995ba2-aa72-415d-8532-f521ab1c38c0,baada8b1-e62e-44c4-a14d-6702ea90f496,sunbird
f:baada8b1-e62e-44c4-a14d-6702ea90f496:10b46c78-3e33-4ab6-9bb8-84d4fdbdda36,baada8b1-e62e-44c4-a14d-6702ea90f496,sunbird
f:baada8b1-e62e-44c4-a14d-6702ea90f496:da5c4e71-a4bd-47cd-aa73-2598e2f42516,baada8b1-e62e-44c4-a14d-6702ea90f496,sunbird
f:baada8b1-e62e-44c4-a14d-6702ea90f496:845a16a7-167f-4712-acdc-8a89f4446bc1,baada8b1-e62e-44c4-a14d-6702ea90f496,sunbird
f:baada8b1-e62e-44c4-a14d-6702ea90f496:c3c9928c-8e08-4edb-9698-001e78a67beb,baada8b1-e62e-44c4-a14d-6702ea90f496,sunbird
f:baada8b1-e62e-44c4-a14d-6702ea90f496:627bd5ef-7a58-43d4-9fff-01aa80825cd8,baada8b1-e62e-44c4-a14d-6702ea90f496,sunbird
f:baada8b1-e62e-44c4-a14d-6702ea90f496:10a1d20b-f5a6-47e1-9408-7490b36de640,baada8b1-e62e-44c4-a14d-6702ea90f496,sunbird
f:baada8b1-e62e-44c4-a14d-6702ea90f496:c4ea1103-3005-43a0-921d-f7336aef767b,baada8b1-e62e-44c4-a14d-6702ea90f496,sunbird
f:baada8b1-e62e-44c4-a14d-6702ea90f496:9b70790c-6f4b-417d-ae19-10e1257e850b,baada8b1-e62e-44c4-a14d-6702ea90f496,sunbird
f:baada8b1-e62e-44c4-a14d-6702ea90f496:36a4d826-0901-40d5-8745-0ac4fb558d24,baada8b1-e62e-44c4-a14d-6702ea90f496,sunbird
f:baada8b1-e62e-44c4-a14d-6702ea90f496:3512c0a6-c49b-464d-a893-0d508efe9c2e,baada8b1-e62e-44c4-a14d-6702ea90f496,sunbird
f:baada8b1-e62e-44c4-a14d-6702ea90f496:752f4505-b97b-4549-8425-b41241c42bb6,baada8b1-e62e-44c4-a14d-6702ea90f496,sunbird
f:baada8b1-e62e-44c4-a14d-6702ea90f496:575e456c-0230-43f2-9d3c-fb11b348e256,baada8b1-e62e-44c4-a14d-6702ea90f496,sunbird
f:baada8b1-e62e-44c4-a14d-6702ea90f496:48c40339-810b-40d2-9728-e02a9bb8ae13,baada8b1-e62e-44c4-a14d-6702ea90f496,sunbird
f:baada8b1-e62e-44c4-a14d-6702ea90f496:4d2eee0f-82c4-4091-9713-2fdde90678ac,baada8b1-e62e-44c4-a14d-6702ea90f496,sunbird
f:baada8b1-e62e-44c4-a14d-6702ea90f496:b7fcefd1-cc69-4fa7-8601-50851628a307,baada8b1-e62e-44c4-a14d-6702ea90f496,sunbird
f:baada8b1-e62e-44c4-a14d-6702ea90f496:55f6a133-37dc-4415-bc29-d11c65af1907,baada8b1-e62e-44c4-a14d-6702ea90f496,sunbird
f:baada8b1-e62e-44c4-a14d-6702ea90f496:84d2e25e-5e77-4617-8ae5-3bcc2d247228,baada8b1-e62e-44c4-a14d-6702ea90f496,sunbird
f:baada8b1-e62e-44c4-a14d-6702ea90f496:b44129e1-d882-4022-b214-a537bf8c7c95,baada8b1-e62e-44c4-a14d-6702ea90f496,sunbird
f:baada8b1-e62e-44c4-a14d-6702ea90f496:2a7388bf-cf6e-463e-a328-bb2d7272abb4,baada8b1-e62e-44c4-a14d-6702ea90f496,sunbird
f:baada8b1-e62e-44c4-a14d-6702ea90f496:8155bb04-3b07-475a-8584-8881bc9f81bf,baada8b1-e62e-44c4-a14d-6702ea90f496,sunbird
f:baada8b1-e62e-44c4-a14d-6702ea90f496:6b4dde6f-1bec-4325-bc46-7221d3075212,baada8b1-e62e-44c4-a14d-6702ea90f496,sunbird
f:baada8b1-e62e-44c4-a14d-6702ea90f496:15ce4550-9487-4fa7-8ad3-c64aac5af180,baada8b1-e62e-44c4-a14d-6702ea90f496,sunbird
f:baada8b1-e62e-44c4-a14d-6702ea90f496:e87359ed-2b37-49c9-bfa5-6da717ccf8c6,baada8b1-e62e-44c4-a14d-6702ea90f496,sunbird
f:baada8b1-e62e-44c4-a14d-6702ea90f496:4a7ac321-f6e1-4d46-b0fc-5d03a2d5a705,baada8b1-e62e-44c4-a14d-6702ea90f496,sunbird
f:baada8b1-e62e-44c4-a14d-6702ea90f496:3abcac92-e06a-4195-b2d3-834fde0d3382,baada8b1-e62e-44c4-a14d-6702ea90f496,sunbird
f:baada8b1-e62e-44c4-a14d-6702ea90f496:74219ae7-9e50-42be-b87c-83c2076b30e0,baada8b1-e62e-44c4-a14d-6702ea90f496,sunbird
f:baada8b1-e62e-44c4-a14d-6702ea90f496:1bfb0555-51f6-45cf-a7f0-1220d177dc15,baada8b1-e62e-44c4-a14d-6702ea90f496,sunbird
f:baada8b1-e62e-44c4-a14d-6702ea90f496:2887addb-8bcb-4fb1-b3d2-2acf5eed2163,baada8b1-e62e-44c4-a14d-6702ea90f496,sunbird
f:baada8b1-e62e-44c4-a14d-6702ea90f496:5587fb31-f118-414b-b565-643a938cfa10,baada8b1-e62e-44c4-a14d-6702ea90f496,sunbird
f:baada8b1-e62e-44c4-a14d-6702ea90f496:eb773a7e-687a-4821-95b7-2ad67129bb2a,baada8b1-e62e-44c4-a14d-6702ea90f496,sunbird
f:baada8b1-e62e-44c4-a14d-6702ea90f496:04ba4a27-416c-4e9d-be3e-2c4ae8b7821b,baada8b1-e62e-44c4-a14d-6702ea90f496,sunbird
f:baada8b1-e62e-44c4-a14d-6702ea90f496:374c9de4-8c60-4750-9f33-ad2e08c28db9,baada8b1-e62e-44c4-a14d-6702ea90f496,sunbird
f:baada8b1-e62e-44c4-a14d-6702ea90f496:9ac09341-7257-4598-a3c5-eca7869ea94b,baada8b1-e62e-44c4-a14d-6702ea90f496,sunbird
f:baada8b1-e62e-44c4-a14d-6702ea90f496:d87c6159-abc3-4a55-85dd-ae8ed7ec543c,baada8b1-e62e-44c4-a14d-6702ea90f496,sunbird
f:baada8b1-e62e-44c4-a14d-6702ea90f496:37e642fe-c8a0-423d-94c0-231fd722e438,baada8b1-e62e-44c4-a14d-6702ea90f496,sunbird
f:baada8b1-e62e-44c4-a14d-6702ea90f496:5243fdde-3abf-45f5-bfd1-50a702fe7288,baada8b1-e62e-44c4-a14d-6702ea90f496,sunbird
f:baada8b1-e62e-44c4-a14d-6702ea90f496:c434558c-3652-46e4-a92c-379b36c716cd,baada8b1-e62e-44c4-a14d-6702ea90f496,sunbird
f:baada8b1-e62e-44c4-a14d-6702ea90f496:60933fcd-6c32-44bb-8f0f-0b825662c995,baada8b1-e62e-44c4-a14d-6702ea90f496,sunbird
f:baada8b1-e62e-44c4-a14d-6702ea90f496:dc00d9b6-edf7-42ce-8308-9c28d91e1509,baada8b1-e62e-44c4-a14d-6702ea90f496,sunbird
f:baada8b1-e62e-44c4-a14d-6702ea90f496:b3e6752e-0ce9-42ca-9dbf-db7247c202e2,baada8b1-e62e-44c4-a14d-6702ea90f496,sunbird
f:baada8b1-e62e-44c4-a14d-6702ea90f496:fedd0017-6356-4080-aa07-a83c07e2f168,baada8b1-e62e-44c4-a14d-6702ea90f496,sunbird
f:baada8b1-e62e-44c4-a14d-6702ea90f496:c1e29dcf-8d14-4af0-b45d-b862552774b3,baada8b1-e62e-44c4-a14d-6702ea90f496,sunbird
f:baada8b1-e62e-44c4-a14d-6702ea90f496:1ee92cbb-376c-4e6e-bee4-8500aba4e756,baada8b1-e62e-44c4-a14d-6702ea90f496,sunbird
f:baada8b1-e62e-44c4-a14d-6702ea90f496:1f0e1c05-ad42-4033-ab70-d95fdd0ff873,baada8b1-e62e-44c4-a14d-6702ea90f496,sunbird
f:baada8b1-e62e-44c4-a14d-6702ea90f496:5bca83aa-e30a-4659-ac1b-afa3e360867b,baada8b1-e62e-44c4-a14d-6702ea90f496,sunbird
f:baada8b1-e62e-44c4-a14d-6702ea90f496:daec1aa0-4616-4969-b381-4b4f11cc94b9,baada8b1-e62e-44c4-a14d-6702ea90f496,sunbird
f:baada8b1-e62e-44c4-a14d-6702ea90f496:3eda1ffc-250a-4300-ad45-4ebce67b8463,baada8b1-e62e-44c4-a14d-6702ea90f496,sunbird
f:baada8b1-e62e-44c4-a14d-6702ea90f496:3d80900d-39c6-4179-9cb6-313cfa1a8e87,baada8b1-e62e-44c4-a14d-6702ea90f496,sunbird
f:baada8b1-e62e-44c4-a14d-6702ea90f496:dde9be1e-5933-49cb-b0c1-58e1c2d45a0f,baada8b1-e62e-44c4-a14d-6702ea90f496,sunbird
f:baada8b1-e62e-44c4-a14d-6702ea90f496:27fd3298-88f5-4417-911d-45f1d3f4a115,baada8b1-e62e-44c4-a14d-6702ea90f496,sunbird
f:baada8b1-e62e-44c4-a14d-6702ea90f496:0682b0ef-6a50-424e-abca-840f11a67050,baada8b1-e62e-44c4-a14d-6702ea90f496,sunbird
f:baada8b1-e62e-44c4-a14d-6702ea90f496:48efd273-6303-43c2-b028-dafcfbe0b53b,baada8b1-e62e-44c4-a14d-6702ea90f496,sunbird
f:baada8b1-e62e-44c4-a14d-6702ea90f496:cf189a6e-6a6a-4e55-a64c-748cf199a2fc,baada8b1-e62e-44c4-a14d-6702ea90f496,sunbird
f:baada8b1-e62e-44c4-a14d-6702ea90f496:ef9f35b7-6efd-42c1-af37-d89292a274b3,baada8b1-e62e-44c4-a14d-6702ea90f496,sunbird
f:baada8b1-e62e-44c4-a14d-6702ea90f496:8c8d2cfe-f9d5-4456-be99-f9364386f21b,baada8b1-e62e-44c4-a14d-6702ea90f496,sunbird
f:baada8b1-e62e-44c4-a14d-6702ea90f496:b7047468-3860-43d9-bce8-f0008bf2eed9,baada8b1-e62e-44c4-a14d-6702ea90f496,sunbird
f:baada8b1-e62e-44c4-a14d-6702ea90f496:b2a28139-80e0-4d63-b40c-5b6b4f8e7d6b,baada8b1-e62e-44c4-a14d-6702ea90f496,sunbird
f:baada8b1-e62e-44c4-a14d-6702ea90f496:abd82c0c-ecde-4303-a481-e53419885f60,baada8b1-e62e-44c4-a14d-6702ea90f496,sunbird
f:baada8b1-e62e-44c4-a14d-6702ea90f496:3b2dc670-7150-4765-a575-2711aef7c303,baada8b1-e62e-44c4-a14d-6702ea90f496,sunbird
f:baada8b1-e62e-44c4-a14d-6702ea90f496:3c9555aa-fd3c-42c4-9676-8255785e2b4b,baada8b1-e62e-44c4-a14d-6702ea90f496,sunbird
f:baada8b1-e62e-44c4-a14d-6702ea90f496:3c6b064b-fa20-4b59-8502-b68dd3bdb0bd,baada8b1-e62e-44c4-a14d-6702ea90f496,sunbird
f:baada8b1-e62e-44c4-a14d-6702ea90f496:8e7be8d7-f961-4ee4-ac40-faa7d54e5b86,baada8b1-e62e-44c4-a14d-6702ea90f496,sunbird
f:baada8b1-e62e-44c4-a14d-6702ea90f496:6a94cffa-d63f-401d-8701-e584b3812725,baada8b1-e62e-44c4-a14d-6702ea90f496,sunbird
f:baada8b1-e62e-44c4-a14d-6702ea90f496:73e58475-91ea-45f3-ab98-908c4c7e24e9,baada8b1-e62e-44c4-a14d-6702ea90f496,sunbird
f:baada8b1-e62e-44c4-a14d-6702ea90f496:fdd5c47c-38d7-4de6-b16f-a3cb7763f7ba,baada8b1-e62e-44c4-a14d-6702ea90f496,sunbird
f:baada8b1-e62e-44c4-a14d-6702ea90f496:6761c3ae-96ef-47d1-b983-835723a5c2a9,baada8b1-e62e-44c4-a14d-6702ea90f496,sunbird
f:baada8b1-e62e-44c4-a14d-6702ea90f496:5f35ac70-2faf-4cb5-998b-d97afbd8f47f,baada8b1-e62e-44c4-a14d-6702ea90f496,sunbird
f:baada8b1-e62e-44c4-a14d-6702ea90f496:9991d641-16c8-48fc-9fb5-c2133ab8db73,baada8b1-e62e-44c4-a14d-6702ea90f496,sunbird
f:baada8b1-e62e-44c4-a14d-6702ea90f496:5282ecba-f93c-4fc9-ad9d-4a1cd7c8ace1,baada8b1-e62e-44c4-a14d-6702ea90f496,sunbird
f:baada8b1-e62e-44c4-a14d-6702ea90f496:ab83fdf3-05b2-4346-be1b-768d70802982,baada8b1-e62e-44c4-a14d-6702ea90f496,sunbird
f:baada8b1-e62e-44c4-a14d-6702ea90f496:fb65b616-db3f-4cba-8a80-e00655d19993,baada8b1-e62e-44c4-a14d-6702ea90f496,sunbird
f:baada8b1-e62e-44c4-a14d-6702ea90f496:277d2fe0-3775-4dc4-9170-62827750537b,baada8b1-e62e-44c4-a14d-6702ea90f496,sunbird
f:baada8b1-e62e-44c4-a14d-6702ea90f496:5528a128-b9a7-4f55-a6fd-01e4d89d5d01,baada8b1-e62e-44c4-a14d-6702ea90f496,sunbird
f:baada8b1-e62e-44c4-a14d-6702ea90f496:fcb56f01-1ac6-4223-9705-91b1b285ffa7,baada8b1-e62e-44c4-a14d-6702ea90f496,sunbird
f:baada8b1-e62e-44c4-a14d-6702ea90f496:a32804c3-7ee1-4e61-b5d2-ee4be00f6bcc,baada8b1-e62e-44c4-a14d-6702ea90f496,sunbird
f:baada8b1-e62e-44c4-a14d-6702ea90f496:3265958a-6628-43eb-9f1c-18fec8e60714,baada8b1-e62e-44c4-a14d-6702ea90f496,sunbird
f:baada8b1-e62e-44c4-a14d-6702ea90f496:e97e5f27-5aba-4314-b915-2733ec99220e,baada8b1-e62e-44c4-a14d-6702ea90f496,sunbird
f:baada8b1-e62e-44c4-a14d-6702ea90f496:494b2eb0-b4bd-4df9-abbe-84e71192f51f,baada8b1-e62e-44c4-a14d-6702ea90f496,sunbird
f:baada8b1-e62e-44c4-a14d-6702ea90f496:80534c89-78fb-4adc-ad87-801c495dfa15,baada8b1-e62e-44c4-a14d-6702ea90f496,sunbird
f:baada8b1-e62e-44c4-a14d-6702ea90f496:a4eb1202-6dc5-4d10-b230-875d5d6d5600,baada8b1-e62e-44c4-a14d-6702ea90f496,sunbird
f:baada8b1-e62e-44c4-a14d-6702ea90f496:cd13c2f6-3a1b-4355-a92a-4aefe377bf30,baada8b1-e62e-44c4-a14d-6702ea90f496,sunbird
f:baada8b1-e62e-44c4-a14d-6702ea90f496:923d53f9-9d3f-47b8-833e-95ec35fdcfcc,baada8b1-e62e-44c4-a14d-6702ea90f496,sunbird
f:baada8b1-e62e-44c4-a14d-6702ea90f496:c16c82a4-7bb1-43c3-9b64-10220c446aac,baada8b1-e62e-44c4-a14d-6702ea90f496,sunbird
f:baada8b1-e62e-44c4-a14d-6702ea90f496:4b2051c0-0ff5-4e55-819a-f70b6c26a0c9,baada8b1-e62e-44c4-a14d-6702ea90f496,sunbird
f:baada8b1-e62e-44c4-a14d-6702ea90f496:7db2aaa8-6d0d-4d2c-85dc-2a36b2db71f4,baada8b1-e62e-44c4-a14d-6702ea90f496,sunbird
f:baada8b1-e62e-44c4-a14d-6702ea90f496:607df923-7e37-485c-8e63-964d8d620497,baada8b1-e62e-44c4-a14d-6702ea90f496,sunbird
f:baada8b1-e62e-44c4-a14d-6702ea90f496:2bac996f-5af0-4e37-933f-09fa408d08c9,baada8b1-e62e-44c4-a14d-6702ea90f496,sunbird
f:baada8b1-e62e-44c4-a14d-6702ea90f496:de8b9fc4-9f71-49e0-acbc-c31e23a31b96,baada8b1-e62e-44c4-a14d-6702ea90f496,sunbird
f:baada8b1-e62e-44c4-a14d-6702ea90f496:509b6b7a-2865-4850-b726-cc339f724c0d,baada8b1-e62e-44c4-a14d-6702ea90f496,sunbird
f:baada8b1-e62e-44c4-a14d-6702ea90f496:1b3514cd-95cf-4805-8268-84ddd1aec87c,baada8b1-e62e-44c4-a14d-6702ea90f496,sunbird
f:baada8b1-e62e-44c4-a14d-6702ea90f496:22feb39f-be19-4793-915c-5cd7ceda075b,baada8b1-e62e-44c4-a14d-6702ea90f496,sunbird
f:baada8b1-e62e-44c4-a14d-6702ea90f496:373e9f03-3359-4921-985f-d2e732a43f31,baada8b1-e62e-44c4-a14d-6702ea90f496,sunbird
f:baada8b1-e62e-44c4-a14d-6702ea90f496:63822667-fefc-4c5f-a7c1-00b72e821739,baada8b1-e62e-44c4-a14d-6702ea90f496,sunbird
f:baada8b1-e62e-44c4-a14d-6702ea90f496:bf105399-0c63-40d1-a330-5b85dd965e50,baada8b1-e62e-44c4-a14d-6702ea90f496,sunbird
f:baada8b1-e62e-44c4-a14d-6702ea90f496:275ea2fc-46f2-443b-99ae-e4d10b581c1c,baada8b1-e62e-44c4-a14d-6702ea90f496,sunbird
f:baada8b1-e62e-44c4-a14d-6702ea90f496:a76e23f7-2ec3-4018-864d-3da5d5bcd9e4,baada8b1-e62e-44c4-a14d-6702ea90f496,sunbird
f:baada8b1-e62e-44c4-a14d-6702ea90f496:ee044d52-87d7-4abe-b2ac-89e23dab97ae,baada8b1-e62e-44c4-a14d-6702ea90f496,sunbird
f:baada8b1-e62e-44c4-a14d-6702ea90f496:8cab18b3-5dc3-4192-b720-f9ef5969070d,baada8b1-e62e-44c4-a14d-6702ea90f496,sunbird
f:baada8b1-e62e-44c4-a14d-6702ea90f496:f480f096-c2e4-4ced-9952-ef5387debaa0,baada8b1-e62e-44c4-a14d-6702ea90f496,sunbird
f:baada8b1-e62e-44c4-a14d-6702ea90f496:c9210bf2-6e7c-4f8b-be83-30cab31e88d1,baada8b1-e62e-44c4-a14d-6702ea90f496,sunbird
f:baada8b1-e62e-44c4-a14d-6702ea90f496:3c361aea-7a04-4f98-bcae-e835a73b5c14,baada8b1-e62e-44c4-a14d-6702ea90f496,sunbird
f:baada8b1-e62e-44c4-a14d-6702ea90f496:4a900764-914a-42a9-8791-c1340e0e7987,baada8b1-e62e-44c4-a14d-6702ea90f496,sunbird
f:baada8b1-e62e-44c4-a14d-6702ea90f496:b2545bb6-2cd8-47c2-b5da-d741fe01b1eb,baada8b1-e62e-44c4-a14d-6702ea90f496,sunbird
f:baada8b1-e62e-44c4-a14d-6702ea90f496:ceeb1adc-41a7-41e0-aad8-8fdab6b84b16,baada8b1-e62e-44c4-a14d-6702ea90f496,sunbird
f:baada8b1-e62e-44c4-a14d-6702ea90f496:9639fe4b-7c5b-4594-8f4e-331f495e7325,baada8b1-e62e-44c4-a14d-6702ea90f496,sunbird
f:baada8b1-e62e-44c4-a14d-6702ea90f496:ec962cd2-72fc-4a8d-aa8f-128caeaee683,baada8b1-e62e-44c4-a14d-6702ea90f496,sunbird
f:baada8b1-e62e-44c4-a14d-6702ea90f496:523bdf2b-3839-403e-b0cd-5e1598b6d433,baada8b1-e62e-44c4-a14d-6702ea90f496,sunbird
f:baada8b1-e62e-44c4-a14d-6702ea90f496:6d72e78a-ac53-4e0a-a7f8-2060f5082bdc,baada8b1-e62e-44c4-a14d-6702ea90f496,sunbird
f:baada8b1-e62e-44c4-a14d-6702ea90f496:e3e211a4-5359-4ffb-a62e-532aa2b25fbb,baada8b1-e62e-44c4-a14d-6702ea90f496,sunbird
f:baada8b1-e62e-44c4-a14d-6702ea90f496:c71b8b19-af62-403f-ab45-f87e79b1c5c1,baada8b1-e62e-44c4-a14d-6702ea90f496,sunbird
f:baada8b1-e62e-44c4-a14d-6702ea90f496:eb6bdf2f-654b-4740-8379-e8b4c2c4bf7e,baada8b1-e62e-44c4-a14d-6702ea90f496,sunbird
f:baada8b1-e62e-44c4-a14d-6702ea90f496:448f3fbc-a627-4df9-90dd-c129bc669258,baada8b1-e62e-44c4-a14d-6702ea90f496,sunbird
f:baada8b1-e62e-44c4-a14d-6702ea90f496:830be829-64fc-4843-bc79-23a1b51e7c19,baada8b1-e62e-44c4-a14d-6702ea90f496,sunbird
f:baada8b1-e62e-44c4-a14d-6702ea90f496:95cfe5ec-197c-4388-9f84-3589d42279c5,baada8b1-e62e-44c4-a14d-6702ea90f496,sunbird
f:baada8b1-e62e-44c4-a14d-6702ea90f496:afb3f081-b7af-4cce-89ab-28b8aee824b5,baada8b1-e62e-44c4-a14d-6702ea90f496,sunbird
f:baada8b1-e62e-44c4-a14d-6702ea90f496:4e0ad273-dc1c-45a7-8e24-8c7e235554a5,baada8b1-e62e-44c4-a14d-6702ea90f496,sunbird
f:baada8b1-e62e-44c4-a14d-6702ea90f496:d2261e09-dac1-4750-93c9-026b3510304b,baada8b1-e62e-44c4-a14d-6702ea90f496,sunbird
f:baada8b1-e62e-44c4-a14d-6702ea90f496:1b1b9080-83ec-4cf5-84f5-29c23e42fc95,baada8b1-e62e-44c4-a14d-6702ea90f496,sunbird
f:baada8b1-e62e-44c4-a14d-6702ea90f496:7c9982fc-aa0b-428d-8f4c-fbaf759732f7,baada8b1-e62e-44c4-a14d-6702ea90f496,sunbird
f:baada8b1-e62e-44c4-a14d-6702ea90f496:0d692ab0-0032-42cc-8fcd-d5ebeb30ce15,baada8b1-e62e-44c4-a14d-6702ea90f496,sunbird
f:baada8b1-e62e-44c4-a14d-6702ea90f496:d6b6d1ec-2faa-4bd4-adb8-4e82d2dcc6c9,baada8b1-e62e-44c4-a14d-6702ea90f496,sunbird
f:baada8b1-e62e-44c4-a14d-6702ea90f496:5ce34b0c-5fbc-49d4-90d5-75730ac55427,baada8b1-e62e-44c4-a14d-6702ea90f496,sunbird
f:baada8b1-e62e-44c4-a14d-6702ea90f496:1a231296-4776-4e8b-b05c-96db5d76081c,baada8b1-e62e-44c4-a14d-6702ea90f496,sunbird
f:baada8b1-e62e-44c4-a14d-6702ea90f496:5be742d9-3ccf-4ec7-a85d-735ba33c4c08,baada8b1-e62e-44c4-a14d-6702ea90f496,sunbird
f:baada8b1-e62e-44c4-a14d-6702ea90f496:48ab8161-2870-479d-b386-6f136041868f,baada8b1-e62e-44c4-a14d-6702ea90f496,sunbird
f:baada8b1-e62e-44c4-a14d-6702ea90f496:2c341975-20a5-4b97-bf81-f3a2884b122f,baada8b1-e62e-44c4-a14d-6702ea90f496,sunbird
f:baada8b1-e62e-44c4-a14d-6702ea90f496:1bbf3a5b-37a7-4e8f-aaae-046b731803c1,baada8b1-e62e-44c4-a14d-6702ea90f496,sunbird
f:baada8b1-e62e-44c4-a14d-6702ea90f496:8633159d-1679-44c8-b35a-2571046b0c1c,baada8b1-e62e-44c4-a14d-6702ea90f496,sunbird
f:baada8b1-e62e-44c4-a14d-6702ea90f496:f068872e-37da-4927-8c52-10d68093a56d,baada8b1-e62e-44c4-a14d-6702ea90f496,sunbird
f:baada8b1-e62e-44c4-a14d-6702ea90f496:695296dc-9952-49ff-85ac-f16dcdde6a40,baada8b1-e62e-44c4-a14d-6702ea90f496,sunbird
f:baada8b1-e62e-44c4-a14d-6702ea90f496:1cadda6d-787c-49f2-98d6-e8e9799e4dd8,baada8b1-e62e-44c4-a14d-6702ea90f496,sunbird
f:baada8b1-e62e-44c4-a14d-6702ea90f496:65f1f075-c864-46fb-8ccf-ca937ebbd265,baada8b1-e62e-44c4-a14d-6702ea90f496,sunbird
f:baada8b1-e62e-44c4-a14d-6702ea90f496:80503ca3-a034-4de0-9db9-300d6e7e3013,baada8b1-e62e-44c4-a14d-6702ea90f496,sunbird
f:baada8b1-e62e-44c4-a14d-6702ea90f496:8f7596cd-3a95-47a4-b814-7d3fae753354,baada8b1-e62e-44c4-a14d-6702ea90f496,sunbird
f:baada8b1-e62e-44c4-a14d-6702ea90f496:e430ee8f-2351-4b61-b3e3-1d4bcd4e5951,baada8b1-e62e-44c4-a14d-6702ea90f496,sunbird
f:baada8b1-e62e-44c4-a14d-6702ea90f496:2e6edb1d-947b-46b3-bd9a-52dd9f1f24cc,baada8b1-e62e-44c4-a14d-6702ea90f496,sunbird
f:baada8b1-e62e-44c4-a14d-6702ea90f496:554c2364-be50-4e79-9d0a-e5fa39a26aaa,baada8b1-e62e-44c4-a14d-6702ea90f496,sunbird
f:baada8b1-e62e-44c4-a14d-6702ea90f496:054f6a99-384d-4210-b500-692e1e705532,baada8b1-e62e-44c4-a14d-6702ea90f496,sunbird
f:baada8b1-e62e-44c4-a14d-6702ea90f496:cb22e410-0dd8-429e-8660-66b90976f635,baada8b1-e62e-44c4-a14d-6702ea90f496,sunbird
f:baada8b1-e62e-44c4-a14d-6702ea90f496:1974c7b3-9935-4d50-b75b-b968537cd1bd,baada8b1-e62e-44c4-a14d-6702ea90f496,sunbird
f:baada8b1-e62e-44c4-a14d-6702ea90f496:f4ae8d24-3de7-4e1a-827a-75d6a0db9ad1,baada8b1-e62e-44c4-a14d-6702ea90f496,sunbird
f:baada8b1-e62e-44c4-a14d-6702ea90f496:66e268e2-5777-4283-b3de-2dbe1c4eaa31,baada8b1-e62e-44c4-a14d-6702ea90f496,sunbird
f:baada8b1-e62e-44c4-a14d-6702ea90f496:18e86b51-5760-47ce-beb8-2fa1df45dd91,baada8b1-e62e-44c4-a14d-6702ea90f496,sunbird
f:baada8b1-e62e-44c4-a14d-6702ea90f496:3f119700-7269-4493-a1e1-a87beb3d4d30,baada8b1-e62e-44c4-a14d-6702ea90f496,sunbird
f:baada8b1-e62e-44c4-a14d-6702ea90f496:d49c0097-642b-4a4a-8126-1bfdd0d80c80,baada8b1-e62e-44c4-a14d-6702ea90f496,sunbird
f:baada8b1-e62e-44c4-a14d-6702ea90f496:86ed8f74-76b3-4dda-abe3-cb6ea52d614e,baada8b1-e62e-44c4-a14d-6702ea90f496,sunbird
f:baada8b1-e62e-44c4-a14d-6702ea90f496:d5ce86bc-5701-416d-a67f-534c0a33fe08,baada8b1-e62e-44c4-a14d-6702ea90f496,sunbird
f:baada8b1-e62e-44c4-a14d-6702ea90f496:1a5b5689-41d5-4094-aeea-a5b5ddc89a30,baada8b1-e62e-44c4-a14d-6702ea90f496,sunbird
f:baada8b1-e62e-44c4-a14d-6702ea90f496:3040a715-d24c-4b1d-96ba-38c5bf8e5e4d,baada8b1-e62e-44c4-a14d-6702ea90f496,sunbird
f:baada8b1-e62e-44c4-a14d-6702ea90f496:7ea8867d-3809-4c3c-80e9-da46ba3a598e,baada8b1-e62e-44c4-a14d-6702ea90f496,sunbird
f:baada8b1-e62e-44c4-a14d-6702ea90f496:57fc06f7-a1c3-483c-86c0-395f598ea997,baada8b1-e62e-44c4-a14d-6702ea90f496,sunbird
f:baada8b1-e62e-44c4-a14d-6702ea90f496:02dcb3c3-380c-4777-91c6-7f39f46485eb,baada8b1-e62e-44c4-a14d-6702ea90f496,sunbird
f:baada8b1-e62e-44c4-a14d-6702ea90f496:7adb20ec-d723-4be8-9a17-891885a346a2,baada8b1-e62e-44c4-a14d-6702ea90f496,sunbird
f:baada8b1-e62e-44c4-a14d-6702ea90f496:0a4d2c1a-82bb-413d-ba3f-3abd3f065062,baada8b1-e62e-44c4-a14d-6702ea90f496,sunbird
f:baada8b1-e62e-44c4-a14d-6702ea90f496:da05ccc4-ce93-4187-aa98-f6ccf294ef8e,baada8b1-e62e-44c4-a14d-6702ea90f496,sunbird
f:baada8b1-e62e-44c4-a14d-6702ea90f496:e959d60a-78cd-4b95-be84-6fbe4ae101d8,baada8b1-e62e-44c4-a14d-6702ea90f496,sunbird
f:baada8b1-e62e-44c4-a14d-6702ea90f496:0a4d5d25-0549-41af-91ab-f20b0675d21d,baada8b1-e62e-44c4-a14d-6702ea90f496,sunbird
f:baada8b1-e62e-44c4-a14d-6702ea90f496:2f6c5aa1-3e81-4a4a-b66b-e94225b4a596,baada8b1-e62e-44c4-a14d-6702ea90f496,sunbird
f:baada8b1-e62e-44c4-a14d-6702ea90f496:98f37614-cf02-40ed-bc3b-9353e84c1901,baada8b1-e62e-44c4-a14d-6702ea90f496,sunbird
f:baada8b1-e62e-44c4-a14d-6702ea90f496:6ab5e790-6077-4624-94ab-72c70cb822d3,baada8b1-e62e-44c4-a14d-6702ea90f496,sunbird
f:baada8b1-e62e-44c4-a14d-6702ea90f496:fccc3c8d-c66e-484f-895c-ce5b4a278b67,baada8b1-e62e-44c4-a14d-6702ea90f496,sunbird
f:baada8b1-e62e-44c4-a14d-6702ea90f496:67f693b7-eca5-4548-8151-cabdbea6ee74,baada8b1-e62e-44c4-a14d-6702ea90f496,sunbird
f:baada8b1-e62e-44c4-a14d-6702ea90f496:683b740a-022d-41aa-b426-4b2db2c7bf4b,baada8b1-e62e-44c4-a14d-6702ea90f496,sunbird
f:baada8b1-e62e-44c4-a14d-6702ea90f496:c57f6365-6952-4600-aee5-83e0463a25d7,baada8b1-e62e-44c4-a14d-6702ea90f496,sunbird
f:baada8b1-e62e-44c4-a14d-6702ea90f496:2a5426b5-d93c-4268-888b-b8b9dda82a3b,baada8b1-e62e-44c4-a14d-6702ea90f496,sunbird
f:baada8b1-e62e-44c4-a14d-6702ea90f496:617fd671-4d64-4d81-872f-0d06728decbb,baada8b1-e62e-44c4-a14d-6702ea90f496,sunbird
f:baada8b1-e62e-44c4-a14d-6702ea90f496:27f611d8-eb47-4451-ad8b-0554272d2640,baada8b1-e62e-44c4-a14d-6702ea90f496,sunbird
f:baada8b1-e62e-44c4-a14d-6702ea90f496:30dead94-f1a4-4bdd-815b-02996d8576bc,baada8b1-e62e-44c4-a14d-6702ea90f496,sunbird
f:baada8b1-e62e-44c4-a14d-6702ea90f496:19d691f5-f2ab-48c8-8b88-26345f91b9ee,baada8b1-e62e-44c4-a14d-6702ea90f496,sunbird
f:baada8b1-e62e-44c4-a14d-6702ea90f496:eaa2c516-7bbf-4565-92ce-3a374d50d4a6,baada8b1-e62e-44c4-a14d-6702ea90f496,sunbird
f:baada8b1-e62e-44c4-a14d-6702ea90f496:81b47d15-efb4-4fba-8987-1fbbe7e0e8c0,baada8b1-e62e-44c4-a14d-6702ea90f496,sunbird
f:baada8b1-e62e-44c4-a14d-6702ea90f496:eebbf5fa-b133-426a-a17e-015ae7bba33c,baada8b1-e62e-44c4-a14d-6702ea90f496,sunbird
f:baada8b1-e62e-44c4-a14d-6702ea90f496:7317e97c-04b4-430e-83b1-0cf0a8deb3b0,baada8b1-e62e-44c4-a14d-6702ea90f496,sunbird
f:baada8b1-e62e-44c4-a14d-6702ea90f496:0747f43d-1e46-4716-bc09-b4d8223e0089,baada8b1-e62e-44c4-a14d-6702ea90f496,sunbird
f:baada8b1-e62e-44c4-a14d-6702ea90f496:154eb90d-7d4b-45f0-9729-5ebd9e124da9,baada8b1-e62e-44c4-a14d-6702ea90f496,sunbird
f:baada8b1-e62e-44c4-a14d-6702ea90f496:044045fe-4a16-47f5-a38d-eeb00fe346ae,baada8b1-e62e-44c4-a14d-6702ea90f496,sunbird
f:baada8b1-e62e-44c4-a14d-6702ea90f496:b2c05767-40bf-432d-8c26-813969e57976,baada8b1-e62e-44c4-a14d-6702ea90f496,sunbird
f:baada8b1-e62e-44c4-a14d-6702ea90f496:b6de10bf-4562-416f-9fa4-e6fa3ee56394,baada8b1-e62e-44c4-a14d-6702ea90f496,sunbird
f:baada8b1-e62e-44c4-a14d-6702ea90f496:ee0b80d0-4c03-4391-928d-090530cd24da,baada8b1-e62e-44c4-a14d-6702ea90f496,sunbird
f:baada8b1-e62e-44c4-a14d-6702ea90f496:e12fa586-1cfb-4d47-8e62-ced359b40419,baada8b1-e62e-44c4-a14d-6702ea90f496,sunbird
f:baada8b1-e62e-44c4-a14d-6702ea90f496:d89a135f-576d-493c-b8c7-d23ec86c6cef,baada8b1-e62e-44c4-a14d-6702ea90f496,sunbird
f:baada8b1-e62e-44c4-a14d-6702ea90f496:9652a95f-226b-4279-9f34-f626421b617a,baada8b1-e62e-44c4-a14d-6702ea90f496,sunbird
f:baada8b1-e62e-44c4-a14d-6702ea90f496:984fc8e5-727d-4bdb-a3d5-b6ca87c81469,baada8b1-e62e-44c4-a14d-6702ea90f496,sunbird
f:baada8b1-e62e-44c4-a14d-6702ea90f496:eea025ab-7208-4108-bf24-cc156d3974dc,baada8b1-e62e-44c4-a14d-6702ea90f496,sunbird
f:baada8b1-e62e-44c4-a14d-6702ea90f496:1b589502-dd8e-4984-a59b-7ff18d65d1e6,baada8b1-e62e-44c4-a14d-6702ea90f496,sunbird
f:baada8b1-e62e-44c4-a14d-6702ea90f496:382c08f2-06bf-400d-a19c-1087e11e147a,baada8b1-e62e-44c4-a14d-6702ea90f496,sunbird
f:baada8b1-e62e-44c4-a14d-6702ea90f496:80329da9-fa14-4536-8e2c-ad39d9738ad4,baada8b1-e62e-44c4-a14d-6702ea90f496,sunbird
f:baada8b1-e62e-44c4-a14d-6702ea90f496:1c9c2ac0-a837-4f96-bba4-c8c7811835bf,baada8b1-e62e-44c4-a14d-6702ea90f496,sunbird
f:baada8b1-e62e-44c4-a14d-6702ea90f496:5c3ae82f-388b-4eed-8d05-b163be9303a3,baada8b1-e62e-44c4-a14d-6702ea90f496,sunbird
f:baada8b1-e62e-44c4-a14d-6702ea90f496:7f3ebdc4-3f42-4fb8-8e60-86f12870c287,baada8b1-e62e-44c4-a14d-6702ea90f496,sunbird
f:baada8b1-e62e-44c4-a14d-6702ea90f496:bb0365a3-c549-4557-a2f0-769464bc9cef,baada8b1-e62e-44c4-a14d-6702ea90f496,sunbird
f:baada8b1-e62e-44c4-a14d-6702ea90f496:12adfade-be61-498a-b5f0-0ee4c485f3f2,baada8b1-e62e-44c4-a14d-6702ea90f496,sunbird
f:baada8b1-e62e-44c4-a14d-6702ea90f496:a18f16dc-ea0b-466d-849b-beb9c3c76b6a,baada8b1-e62e-44c4-a14d-6702ea90f496,sunbird
f:baada8b1-e62e-44c4-a14d-6702ea90f496:bc86a880-09fb-4587-8391-14b0cfcdf5cc,baada8b1-e62e-44c4-a14d-6702ea90f496,sunbird
f:baada8b1-e62e-44c4-a14d-6702ea90f496:322af899-bf8a-426c-9614-ef331c0cd7a2,baada8b1-e62e-44c4-a14d-6702ea90f496,sunbird
f:baada8b1-e62e-44c4-a14d-6702ea90f496:c41c9bc2-6224-4af7-9387-1f24fad8da02,baada8b1-e62e-44c4-a14d-6702ea90f496,sunbird
f:baada8b1-e62e-44c4-a14d-6702ea90f496:6716fe47-0182-4926-ba2a-863b7c28148f,baada8b1-e62e-44c4-a14d-6702ea90f496,sunbird
f:baada8b1-e62e-44c4-a14d-6702ea90f496:251c223e-d338-4ffd-9475-f1f39ce96c69,baada8b1-e62e-44c4-a14d-6702ea90f496,sunbird
f:baada8b1-e62e-44c4-a14d-6702ea90f496:347ec04b-b76a-40ec-b9d2-d3dc55a0c52d,baada8b1-e62e-44c4-a14d-6702ea90f496,sunbird
f:baada8b1-e62e-44c4-a14d-6702ea90f496:d09e6dba-a5c5-44cb-af79-38e5f0b42972,baada8b1-e62e-44c4-a14d-6702ea90f496,sunbird
f:baada8b1-e62e-44c4-a14d-6702ea90f496:defd7240-5f13-428e-a917-9d62961f6fc1,baada8b1-e62e-44c4-a14d-6702ea90f496,sunbird
f:baada8b1-e62e-44c4-a14d-6702ea90f496:29ffbb8b-4f2c-4898-9d4d-a41eb04329a8,baada8b1-e62e-44c4-a14d-6702ea90f496,sunbird
f:baada8b1-e62e-44c4-a14d-6702ea90f496:2b7e4ce5-891f-4f49-8bd8-5cce95c8818d,baada8b1-e62e-44c4-a14d-6702ea90f496,sunbird
f:baada8b1-e62e-44c4-a14d-6702ea90f496:9487b4ad-5530-46c8-98a6-ee2db3a2b1b4,baada8b1-e62e-44c4-a14d-6702ea90f496,sunbird
f:baada8b1-e62e-44c4-a14d-6702ea90f496:5fb79617-1909-498c-bb90-ccaf26c29b5f,baada8b1-e62e-44c4-a14d-6702ea90f496,sunbird
f:baada8b1-e62e-44c4-a14d-6702ea90f496:0e9daedb-a12c-4f80-9269-944d9b2d5f91,baada8b1-e62e-44c4-a14d-6702ea90f496,sunbird
f:baada8b1-e62e-44c4-a14d-6702ea90f496:7c222457-2df5-4ac9-8a0d-169efa5f2aef,baada8b1-e62e-44c4-a14d-6702ea90f496,sunbird
f:baada8b1-e62e-44c4-a14d-6702ea90f496:41dede1b-c7f5-49c3-8d41-d265eadf3852,baada8b1-e62e-44c4-a14d-6702ea90f496,sunbird
f:baada8b1-e62e-44c4-a14d-6702ea90f496:ebb93139-2f27-428c-9fab-33da5961d399,baada8b1-e62e-44c4-a14d-6702ea90f496,sunbird
f:baada8b1-e62e-44c4-a14d-6702ea90f496:33cf8eae-f978-4762-a11b-da4e182adc79,baada8b1-e62e-44c4-a14d-6702ea90f496,sunbird
f:baada8b1-e62e-44c4-a14d-6702ea90f496:167d2f55-8d81-4a1a-afa3-2eb90792ec43,baada8b1-e62e-44c4-a14d-6702ea90f496,sunbird
f:baada8b1-e62e-44c4-a14d-6702ea90f496:08a698c8-4aaa-4eb9-9f49-dad29030b109,baada8b1-e62e-44c4-a14d-6702ea90f496,sunbird
f:baada8b1-e62e-44c4-a14d-6702ea90f496:d94c11f8-9be2-418b-9fe5-d212e767cef3,baada8b1-e62e-44c4-a14d-6702ea90f496,sunbird
f:baada8b1-e62e-44c4-a14d-6702ea90f496:f51e776d-fd69-4c07-982a-a359c76696e4,baada8b1-e62e-44c4-a14d-6702ea90f496,sunbird
f:baada8b1-e62e-44c4-a14d-6702ea90f496:992a29dc-624e-4a20-858f-5d6d7bf294bc,baada8b1-e62e-44c4-a14d-6702ea90f496,sunbird
f:baada8b1-e62e-44c4-a14d-6702ea90f496:2641a86c-cdc9-4ec9-8517-d72a187829b8,baada8b1-e62e-44c4-a14d-6702ea90f496,sunbird
f:baada8b1-e62e-44c4-a14d-6702ea90f496:bd590655-cf61-4e68-8975-ee286d7a3fc8,baada8b1-e62e-44c4-a14d-6702ea90f496,sunbird
f:baada8b1-e62e-44c4-a14d-6702ea90f496:030c7693-d40b-4472-9848-662bde974114,baada8b1-e62e-44c4-a14d-6702ea90f496,sunbird
f:baada8b1-e62e-44c4-a14d-6702ea90f496:09d191fb-a750-405a-a7f2-8d9573786c40,baada8b1-e62e-44c4-a14d-6702ea90f496,sunbird
f:baada8b1-e62e-44c4-a14d-6702ea90f496:7fd65383-baa8-40a7-ab91-ae4a0868ef16,baada8b1-e62e-44c4-a14d-6702ea90f496,sunbird
f:baada8b1-e62e-44c4-a14d-6702ea90f496:91c9351f-803b-44d0-92a1-31f033bf3cc5,baada8b1-e62e-44c4-a14d-6702ea90f496,sunbird
f:baada8b1-e62e-44c4-a14d-6702ea90f496:077c525c-074f-4893-b214-fbefaafac0a3,baada8b1-e62e-44c4-a14d-6702ea90f496,sunbird
f:baada8b1-e62e-44c4-a14d-6702ea90f496:20dc89b7-eba0-4e00-b846-836375ae73b7,baada8b1-e62e-44c4-a14d-6702ea90f496,sunbird
f:baada8b1-e62e-44c4-a14d-6702ea90f496:66b8679f-b181-41b4-a172-35e36a8b9495,baada8b1-e62e-44c4-a14d-6702ea90f496,sunbird
f:baada8b1-e62e-44c4-a14d-6702ea90f496:13f94bd9-1922-4083-8ac4-b29e3f96872b,baada8b1-e62e-44c4-a14d-6702ea90f496,sunbird
f:baada8b1-e62e-44c4-a14d-6702ea90f496:d84c3e14-7f96-4b0f-8f12-4a3554f75b65,baada8b1-e62e-44c4-a14d-6702ea90f496,sunbird
f:baada8b1-e62e-44c4-a14d-6702ea90f496:39460156-a2e4-45b2-9183-675ef608829c,baada8b1-e62e-44c4-a14d-6702ea90f496,sunbird
f:baada8b1-e62e-44c4-a14d-6702ea90f496:f406c8ae-141b-40e7-84f6-0adc24d6dcd7,baada8b1-e62e-44c4-a14d-6702ea90f496,sunbird
f:baada8b1-e62e-44c4-a14d-6702ea90f496:305f73e9-fb18-4ae5-b4ae-9632646e7b52,baada8b1-e62e-44c4-a14d-6702ea90f496,sunbird
f:baada8b1-e62e-44c4-a14d-6702ea90f496:4b8b5b17-4fcb-4a0f-bdb1-cc722aab91a5,baada8b1-e62e-44c4-a14d-6702ea90f496,sunbird
f:baada8b1-e62e-44c4-a14d-6702ea90f496:c31948d4-9109-479a-8e48-b837542679ca,baada8b1-e62e-44c4-a14d-6702ea90f496,sunbird
f:baada8b1-e62e-44c4-a14d-6702ea90f496:7d58a22d-681d-4f43-9193-ca5ba5a06533,baada8b1-e62e-44c4-a14d-6702ea90f496,sunbird
f:baada8b1-e62e-44c4-a14d-6702ea90f496:a1aebb19-f93f-4d72-bdf0-360c55eaaf9f,baada8b1-e62e-44c4-a14d-6702ea90f496,sunbird
f:baada8b1-e62e-44c4-a14d-6702ea90f496:bc65e91e-5954-4202-ada8-05b97d40685e,baada8b1-e62e-44c4-a14d-6702ea90f496,sunbird
f:baada8b1-e62e-44c4-a14d-6702ea90f496:e22e97ea-7a6b-4b02-88cf-fc2bc8470598,baada8b1-e62e-44c4-a14d-6702ea90f496,sunbird
f:baada8b1-e62e-44c4-a14d-6702ea90f496:51accc7b-a58a-4193-82c5-5de2259a522b,baada8b1-e62e-44c4-a14d-6702ea90f496,sunbird
f:baada8b1-e62e-44c4-a14d-6702ea90f496:639030e6-9d29-4e17-9dec-1d7c65ad9d8d,baada8b1-e62e-44c4-a14d-6702ea90f496,sunbird
f:baada8b1-e62e-44c4-a14d-6702ea90f496:8a8f741e-1389-4465-97b0-98fb950ee8ae,baada8b1-e62e-44c4-a14d-6702ea90f496,sunbird
f:baada8b1-e62e-44c4-a14d-6702ea90f496:3024f55d-9213-47a4-9859-5d732f3ac250,baada8b1-e62e-44c4-a14d-6702ea90f496,sunbird
f:baada8b1-e62e-44c4-a14d-6702ea90f496:bbcf8894-f985-415c-919d-9015a063761d,baada8b1-e62e-44c4-a14d-6702ea90f496,sunbird
f:baada8b1-e62e-44c4-a14d-6702ea90f496:94e93790-a5e1-45d8-a12c-543685a8c6ad,baada8b1-e62e-44c4-a14d-6702ea90f496,sunbird
f:baada8b1-e62e-44c4-a14d-6702ea90f496:937699fb-5ff7-4aab-8b65-926036387920,baada8b1-e62e-44c4-a14d-6702ea90f496,sunbird
f:baada8b1-e62e-44c4-a14d-6702ea90f496:0ece64a8-08a2-4795-8fd9-9c66c881bfd1,baada8b1-e62e-44c4-a14d-6702ea90f496,sunbird
f:baada8b1-e62e-44c4-a14d-6702ea90f496:dc34c1cb-245c-498b-8a32-ca91a4af9f62,baada8b1-e62e-44c4-a14d-6702ea90f496,sunbird
f:baada8b1-e62e-44c4-a14d-6702ea90f496:3db43e65-bde8-45bd-b62a-42bc3089c15a,baada8b1-e62e-44c4-a14d-6702ea90f496,sunbird
f:baada8b1-e62e-44c4-a14d-6702ea90f496:5313f741-4aaa-43f6-9dd4-fe109bebc675,baada8b1-e62e-44c4-a14d-6702ea90f496,sunbird
f:baada8b1-e62e-44c4-a14d-6702ea90f496:e6e16e2c-f9a7-4dc5-b7bd-116a6a1c41eb,baada8b1-e62e-44c4-a14d-6702ea90f496,sunbird
f:baada8b1-e62e-44c4-a14d-6702ea90f496:29059f62-ae3b-48ca-8a67-d1bb87f0ae3a,baada8b1-e62e-44c4-a14d-6702ea90f496,sunbird
f:baada8b1-e62e-44c4-a14d-6702ea90f496:737aaf01-81f1-429c-93be-ad5bc7d26520,baada8b1-e62e-44c4-a14d-6702ea90f496,sunbird
f:baada8b1-e62e-44c4-a14d-6702ea90f496:84c2e508-a8c8-4bcb-8e38-f22b43e27249,baada8b1-e62e-44c4-a14d-6702ea90f496,sunbird
f:baada8b1-e62e-44c4-a14d-6702ea90f496:ffd4618f-d9e0-43a7-98ae-c013f2869f11,baada8b1-e62e-44c4-a14d-6702ea90f496,sunbird
f:baada8b1-e62e-44c4-a14d-6702ea90f496:986fdd44-23e7-4ad0-bf4f-fbfd14b62437,baada8b1-e62e-44c4-a14d-6702ea90f496,sunbird
f:baada8b1-e62e-44c4-a14d-6702ea90f496:04992790-81ee-4e63-befb-dfa2a24806ff,baada8b1-e62e-44c4-a14d-6702ea90f496,sunbird
f:baada8b1-e62e-44c4-a14d-6702ea90f496:a0c78fef-8e2d-4c42-9436-3adef11f9358,baada8b1-e62e-44c4-a14d-6702ea90f496,sunbird
f:baada8b1-e62e-44c4-a14d-6702ea90f496:ef4f5b2d-3b1e-4d5b-8939-6ca170ba5f21,baada8b1-e62e-44c4-a14d-6702ea90f496,sunbird
f:baada8b1-e62e-44c4-a14d-6702ea90f496:7a4b2160-843d-4552-8af3-af1265316a3b,baada8b1-e62e-44c4-a14d-6702ea90f496,sunbird
f:baada8b1-e62e-44c4-a14d-6702ea90f496:cbb2ae77-37c9-4944-b417-0dcbe5c1ea2d,baada8b1-e62e-44c4-a14d-6702ea90f496,sunbird
f:baada8b1-e62e-44c4-a14d-6702ea90f496:75394e39-b416-47dd-82aa-dadaeb80525f,baada8b1-e62e-44c4-a14d-6702ea90f496,sunbird
f:baada8b1-e62e-44c4-a14d-6702ea90f496:ccf7ccdf-ba1e-4a6e-9e2a-b8a6bb014083,baada8b1-e62e-44c4-a14d-6702ea90f496,sunbird
f:baada8b1-e62e-44c4-a14d-6702ea90f496:b1864ac1-35e4-4554-8cbc-b3b57e53d3e7,baada8b1-e62e-44c4-a14d-6702ea90f496,sunbird
f:baada8b1-e62e-44c4-a14d-6702ea90f496:5237963f-f0b7-493c-908b-08795a5c0313,baada8b1-e62e-44c4-a14d-6702ea90f496,sunbird
f:baada8b1-e62e-44c4-a14d-6702ea90f496:4dfea030-2acc-43a2-bbf8-c4d0c7dce0a6,baada8b1-e62e-44c4-a14d-6702ea90f496,sunbird
f:baada8b1-e62e-44c4-a14d-6702ea90f496:3d074223-2ffa-4a81-bdb5-472044ae5475,baada8b1-e62e-44c4-a14d-6702ea90f496,sunbird
f:baada8b1-e62e-44c4-a14d-6702ea90f496:fa9bdc49-3ddd-4ec4-a645-53b85ef0ce3a,baada8b1-e62e-44c4-a14d-6702ea90f496,sunbird
f:baada8b1-e62e-44c4-a14d-6702ea90f496:c43e9bb3-2c02-4e50-b82e-8637371ed9ea,baada8b1-e62e-44c4-a14d-6702ea90f496,sunbird
f:baada8b1-e62e-44c4-a14d-6702ea90f496:f6ac6b1a-4069-421b-9556-61bdd2075b70,baada8b1-e62e-44c4-a14d-6702ea90f496,sunbird
f:baada8b1-e62e-44c4-a14d-6702ea90f496:5a361b37-bef3-460f-ae30-af2dcf1f19fd,baada8b1-e62e-44c4-a14d-6702ea90f496,sunbird
f:baada8b1-e62e-44c4-a14d-6702ea90f496:bac31e0e-be9f-4628-8cb8-a8facf6167e0,baada8b1-e62e-44c4-a14d-6702ea90f496,sunbird
f:baada8b1-e62e-44c4-a14d-6702ea90f496:4f9e036b-6d6d-4bc6-babe-588046612266,baada8b1-e62e-44c4-a14d-6702ea90f496,sunbird
f:baada8b1-e62e-44c4-a14d-6702ea90f496:18fec07c-5d3b-43a1-a693-c6bdf10edc9d,baada8b1-e62e-44c4-a14d-6702ea90f496,sunbird
f:baada8b1-e62e-44c4-a14d-6702ea90f496:817426a0-c5a2-4e2d-b343-91974f3a0cd2,baada8b1-e62e-44c4-a14d-6702ea90f496,sunbird
f:baada8b1-e62e-44c4-a14d-6702ea90f496:0c1b7191-8b18-4153-a190-c704ac44262f,baada8b1-e62e-44c4-a14d-6702ea90f496,sunbird
f:baada8b1-e62e-44c4-a14d-6702ea90f496:b1693642-a1c9-4611-be01-bbf2a4a709b7,baada8b1-e62e-44c4-a14d-6702ea90f496,sunbird
f:baada8b1-e62e-44c4-a14d-6702ea90f496:2c8362d2-f6f5-44d8-8107-a80949c0cac0,baada8b1-e62e-44c4-a14d-6702ea90f496,sunbird
f:baada8b1-e62e-44c4-a14d-6702ea90f496:b8aa7187-2df1-4c2a-a652-8b1ee9ec8707,baada8b1-e62e-44c4-a14d-6702ea90f496,sunbird
f:baada8b1-e62e-44c4-a14d-6702ea90f496:a0dc5aae-56fb-4ae6-ae03-835c62fa668c,baada8b1-e62e-44c4-a14d-6702ea90f496,sunbird
f:baada8b1-e62e-44c4-a14d-6702ea90f496:e17e4b3d-5244-4a25-b09a-6eeadb62c478,baada8b1-e62e-44c4-a14d-6702ea90f496,sunbird
f:baada8b1-e62e-44c4-a14d-6702ea90f496:ad304655-8fe2-4587-bffe-6bffea545978,baada8b1-e62e-44c4-a14d-6702ea90f496,sunbird
f:baada8b1-e62e-44c4-a14d-6702ea90f496:7176a1f0-08b3-4ba2-b162-d85e5cda8a8c,baada8b1-e62e-44c4-a14d-6702ea90f496,sunbird
f:baada8b1-e62e-44c4-a14d-6702ea90f496:e9bf2e87-ccfb-4d2d-bc36-46df3fcf060c,baada8b1-e62e-44c4-a14d-6702ea90f496,sunbird
f:baada8b1-e62e-44c4-a14d-6702ea90f496:aa99a898-bc72-4a01-a2ac-ee5c52828860,baada8b1-e62e-44c4-a14d-6702ea90f496,sunbird
f:baada8b1-e62e-44c4-a14d-6702ea90f496:e400f652-01f8-4e0c-9d00-66e88c43eec9,baada8b1-e62e-44c4-a14d-6702ea90f496,sunbird
f:baada8b1-e62e-44c4-a14d-6702ea90f496:585363f5-c8c7-4aa6-9c76-0fee59c97996,baada8b1-e62e-44c4-a14d-6702ea90f496,sunbird
f:baada8b1-e62e-44c4-a14d-6702ea90f496:5a6aa2aa-4954-4c48-bedb-091369de2f32,baada8b1-e62e-44c4-a14d-6702ea90f496,sunbird
f:baada8b1-e62e-44c4-a14d-6702ea90f496:d333f968-f404-486a-8ed6-3706ba17c8fa,baada8b1-e62e-44c4-a14d-6702ea90f496,sunbird
f:baada8b1-e62e-44c4-a14d-6702ea90f496:bdcdfd7b-14cc-47f8-8016-f2f74a091f2d,baada8b1-e62e-44c4-a14d-6702ea90f496,sunbird
f:baada8b1-e62e-44c4-a14d-6702ea90f496:e3dd9e5e-c81b-469d-b5aa-bdaf09d5fe76,baada8b1-e62e-44c4-a14d-6702ea90f496,sunbird
f:baada8b1-e62e-44c4-a14d-6702ea90f496:d9965add-a894-4956-9eac-add594a29a8a,baada8b1-e62e-44c4-a14d-6702ea90f496,sunbird
f:baada8b1-e62e-44c4-a14d-6702ea90f496:9c18b17a-a389-4510-ab9e-fd92e84e0b0c,baada8b1-e62e-44c4-a14d-6702ea90f496,sunbird
f:baada8b1-e62e-44c4-a14d-6702ea90f496:6c17ff79-5134-4931-a70c-70c712510b8d,baada8b1-e62e-44c4-a14d-6702ea90f496,sunbird
f:baada8b1-e62e-44c4-a14d-6702ea90f496:a1aa6584-7254-43f1-afc1-4e6c35108367,baada8b1-e62e-44c4-a14d-6702ea90f496,sunbird
f:baada8b1-e62e-44c4-a14d-6702ea90f496:49c23ec3-fefd-4dea-8710-8f4c19d2df22,baada8b1-e62e-44c4-a14d-6702ea90f496,sunbird
f:baada8b1-e62e-44c4-a14d-6702ea90f496:d9df271f-e0a7-476c-9556-39f93bf6eb61,baada8b1-e62e-44c4-a14d-6702ea90f496,sunbird
f:baada8b1-e62e-44c4-a14d-6702ea90f496:e1295902-327b-41dc-8d8b-46b2a65db0f5,baada8b1-e62e-44c4-a14d-6702ea90f496,sunbird
f:baada8b1-e62e-44c4-a14d-6702ea90f496:77b63025-ca17-42e5-819c-9b2b3c1c285f,baada8b1-e62e-44c4-a14d-6702ea90f496,sunbird
f:baada8b1-e62e-44c4-a14d-6702ea90f496:08b893da-7ddc-4d40-b7e2-10e76c55bc00,baada8b1-e62e-44c4-a14d-6702ea90f496,sunbird
f:baada8b1-e62e-44c4-a14d-6702ea90f496:c0d5f9dd-1f4e-4c00-a0a1-ddd8e22b7cf5,baada8b1-e62e-44c4-a14d-6702ea90f496,sunbird
f:baada8b1-e62e-44c4-a14d-6702ea90f496:23e6584b-72aa-44a8-9e28-bc1613404d84,baada8b1-e62e-44c4-a14d-6702ea90f496,sunbird
f:baada8b1-e62e-44c4-a14d-6702ea90f496:d2d5f0ae-89dc-48da-b4fa-f8f664b8e8f1,baada8b1-e62e-44c4-a14d-6702ea90f496,sunbird
f:baada8b1-e62e-44c4-a14d-6702ea90f496:e03cd18b-58ee-45d6-9c93-186014da1f31,baada8b1-e62e-44c4-a14d-6702ea90f496,sunbird
f:baada8b1-e62e-44c4-a14d-6702ea90f496:7c904510-b963-4635-aeca-23d7ad8948fe,baada8b1-e62e-44c4-a14d-6702ea90f496,sunbird
f:baada8b1-e62e-44c4-a14d-6702ea90f496:c3598b84-94ab-4f59-ac38-82f267007191,baada8b1-e62e-44c4-a14d-6702ea90f496,sunbird
f:baada8b1-e62e-44c4-a14d-6702ea90f496:c510dda2-81ce-4581-b262-6db82f49933f,baada8b1-e62e-44c4-a14d-6702ea90f496,sunbird
f:baada8b1-e62e-44c4-a14d-6702ea90f496:d1888da2-8d07-4765-a2d6-98d68a4abba3,baada8b1-e62e-44c4-a14d-6702ea90f496,sunbird
f:baada8b1-e62e-44c4-a14d-6702ea90f496:f4403888-45de-444d-ab48-7884883db532,baada8b1-e62e-44c4-a14d-6702ea90f496,sunbird
f:baada8b1-e62e-44c4-a14d-6702ea90f496:5532d1b1-0c6c-40a5-ab65-4d924afbe40d,baada8b1-e62e-44c4-a14d-6702ea90f496,sunbird
f:baada8b1-e62e-44c4-a14d-6702ea90f496:e801c1a9-58d0-4fc0-86ad-8d6f738ae53a,baada8b1-e62e-44c4-a14d-6702ea90f496,sunbird
f:baada8b1-e62e-44c4-a14d-6702ea90f496:e812aa17-eec0-452b-a565-d4ef12e511b5,baada8b1-e62e-44c4-a14d-6702ea90f496,sunbird
f:baada8b1-e62e-44c4-a14d-6702ea90f496:76059630-e7fc-4fc9-bf95-0ee40a0d54ac,baada8b1-e62e-44c4-a14d-6702ea90f496,sunbird
f:baada8b1-e62e-44c4-a14d-6702ea90f496:333af262-77e8-4092-b153-ac6fc0363953,baada8b1-e62e-44c4-a14d-6702ea90f496,sunbird
f:baada8b1-e62e-44c4-a14d-6702ea90f496:36173872-8a53-44bb-b372-0d56cf276cf9,baada8b1-e62e-44c4-a14d-6702ea90f496,sunbird
f:baada8b1-e62e-44c4-a14d-6702ea90f496:aef76fdf-4d9f-43f5-987f-bcae1cbd061e,baada8b1-e62e-44c4-a14d-6702ea90f496,sunbird
f:baada8b1-e62e-44c4-a14d-6702ea90f496:99b56780-77ba-4362-bf1f-fc4ffff985cb,baada8b1-e62e-44c4-a14d-6702ea90f496,sunbird
f:baada8b1-e62e-44c4-a14d-6702ea90f496:3d7e917b-127d-439b-8527-1a4e3f196c61,baada8b1-e62e-44c4-a14d-6702ea90f496,sunbird
f:baada8b1-e62e-44c4-a14d-6702ea90f496:a94690b9-e681-4fc0-8b32-8c8a522e854b,baada8b1-e62e-44c4-a14d-6702ea90f496,sunbird
f:baada8b1-e62e-44c4-a14d-6702ea90f496:38dcaa03-abab-460e-b442-3838997a01d7,baada8b1-e62e-44c4-a14d-6702ea90f496,sunbird
f:baada8b1-e62e-44c4-a14d-6702ea90f496:c57b37f3-6de1-47c9-a44c-bd24b71fe147,baada8b1-e62e-44c4-a14d-6702ea90f496,sunbird
f:baada8b1-e62e-44c4-a14d-6702ea90f496:9e72724a-cfe0-403f-872d-fd78a9215194,baada8b1-e62e-44c4-a14d-6702ea90f496,sunbird
f:baada8b1-e62e-44c4-a14d-6702ea90f496:7ad5da09-404f-43cd-9882-3b475ea96159,baada8b1-e62e-44c4-a14d-6702ea90f496,sunbird
f:baada8b1-e62e-44c4-a14d-6702ea90f496:fc482e83-758d-4330-8ce1-9815223132ec,baada8b1-e62e-44c4-a14d-6702ea90f496,sunbird
f:baada8b1-e62e-44c4-a14d-6702ea90f496:4ed9b474-2415-4a0f-989b-7761dd1aec86,baada8b1-e62e-44c4-a14d-6702ea90f496,sunbird
f:baada8b1-e62e-44c4-a14d-6702ea90f496:e9d4669d-5778-49fa-b21c-f440db17c74c,baada8b1-e62e-44c4-a14d-6702ea90f496,sunbird
f:baada8b1-e62e-44c4-a14d-6702ea90f496:8ca492c3-746b-440f-9798-a5fd4d9b329d,baada8b1-e62e-44c4-a14d-6702ea90f496,sunbird
f:baada8b1-e62e-44c4-a14d-6702ea90f496:a294f099-7a66-419c-823e-abbb3d5e4f7a,baada8b1-e62e-44c4-a14d-6702ea90f496,sunbird
f:baada8b1-e62e-44c4-a14d-6702ea90f496:94240a33-b6eb-49aa-bc7c-fc327ce52bc6,baada8b1-e62e-44c4-a14d-6702ea90f496,sunbird
f:baada8b1-e62e-44c4-a14d-6702ea90f496:a254964b-7a76-48c3-b227-38b7822e7be8,baada8b1-e62e-44c4-a14d-6702ea90f496,sunbird
f:baada8b1-e62e-44c4-a14d-6702ea90f496:6cc0568c-2112-423c-97ed-9246c6139d5e,baada8b1-e62e-44c4-a14d-6702ea90f496,sunbird
f:baada8b1-e62e-44c4-a14d-6702ea90f496:ba559b49-5de5-40a0-9bf9-20f926d749f0,baada8b1-e62e-44c4-a14d-6702ea90f496,sunbird
f:baada8b1-e62e-44c4-a14d-6702ea90f496:585f24ff-4635-4e9e-9584-47deef0b6255,baada8b1-e62e-44c4-a14d-6702ea90f496,sunbird
f:baada8b1-e62e-44c4-a14d-6702ea90f496:8798aacc-67f6-4b45-8cdf-38ae43378701,baada8b1-e62e-44c4-a14d-6702ea90f496,sunbird
f:baada8b1-e62e-44c4-a14d-6702ea90f496:3b50c990-373c-4b0a-ba6a-b4bb11ab3aaf,baada8b1-e62e-44c4-a14d-6702ea90f496,sunbird
f:baada8b1-e62e-44c4-a14d-6702ea90f496:5ee29196-b263-490a-8671-7b3ed24f2755,baada8b1-e62e-44c4-a14d-6702ea90f496,sunbird
f:baada8b1-e62e-44c4-a14d-6702ea90f496:04505732-a461-44db-8d3b-7473b2eb5a65,baada8b1-e62e-44c4-a14d-6702ea90f496,sunbird
f:baada8b1-e62e-44c4-a14d-6702ea90f496:140a97ae-9613-460e-a78c-bcc518e8b77d,baada8b1-e62e-44c4-a14d-6702ea90f496,sunbird
f:baada8b1-e62e-44c4-a14d-6702ea90f496:fd724761-87b8-43d3-8372-74969a07a5cc,baada8b1-e62e-44c4-a14d-6702ea90f496,sunbird
f:baada8b1-e62e-44c4-a14d-6702ea90f496:e8f78f02-729c-4f84-86e4-9d6136b3e38c,baada8b1-e62e-44c4-a14d-6702ea90f496,sunbird
f:baada8b1-e62e-44c4-a14d-6702ea90f496:fd2dabd9-cc41-49f1-8dca-819d4d7ddb55,baada8b1-e62e-44c4-a14d-6702ea90f496,sunbird
f:baada8b1-e62e-44c4-a14d-6702ea90f496:0db7b5fe-1120-4562-bdb0-7d2278573162,baada8b1-e62e-44c4-a14d-6702ea90f496,sunbird
f:baada8b1-e62e-44c4-a14d-6702ea90f496:c1cc5165-6a69-4b75-8a96-3afd2f9af79e,baada8b1-e62e-44c4-a14d-6702ea90f496,sunbird
f:baada8b1-e62e-44c4-a14d-6702ea90f496:0ca16515-a4ee-4870-97ec-4a8097a0accc,baada8b1-e62e-44c4-a14d-6702ea90f496,sunbird
f:baada8b1-e62e-44c4-a14d-6702ea90f496:81d810fd-61ee-4f46-b4eb-ae039827d95a,baada8b1-e62e-44c4-a14d-6702ea90f496,sunbird
f:baada8b1-e62e-44c4-a14d-6702ea90f496:b12cc4a7-3759-4dce-82ae-aaf7d59c8647,baada8b1-e62e-44c4-a14d-6702ea90f496,sunbird
f:baada8b1-e62e-44c4-a14d-6702ea90f496:3954c69c-2baf-4195-8438-5b0a00e865f0,baada8b1-e62e-44c4-a14d-6702ea90f496,sunbird
f:baada8b1-e62e-44c4-a14d-6702ea90f496:09a0fe54-3597-4418-83cd-729dbe81905f,baada8b1-e62e-44c4-a14d-6702ea90f496,sunbird
f:baada8b1-e62e-44c4-a14d-6702ea90f496:ca78bb00-fd1e-410a-93de-3fe7cb76a567,baada8b1-e62e-44c4-a14d-6702ea90f496,sunbird
f:baada8b1-e62e-44c4-a14d-6702ea90f496:03fb752d-f9d6-494a-afeb-a9507e141bc4,baada8b1-e62e-44c4-a14d-6702ea90f496,sunbird
f:baada8b1-e62e-44c4-a14d-6702ea90f496:f0d061bc-5558-459b-bebf-62dbc5e88cef,baada8b1-e62e-44c4-a14d-6702ea90f496,sunbird
f:baada8b1-e62e-44c4-a14d-6702ea90f496:495a8e56-f6b8-446d-ac1b-51eca374852b,baada8b1-e62e-44c4-a14d-6702ea90f496,sunbird
f:baada8b1-e62e-44c4-a14d-6702ea90f496:9e0789b9-1c8f-45ac-ac3b-909c6f33bf09,baada8b1-e62e-44c4-a14d-6702ea90f496,sunbird
f:baada8b1-e62e-44c4-a14d-6702ea90f496:f8a4a34d-96c6-411f-8ace-f06130d0c1f5,baada8b1-e62e-44c4-a14d-6702ea90f496,sunbird
f:baada8b1-e62e-44c4-a14d-6702ea90f496:eeac478a-c989-4f52-85a2-9c4bf9ab68a5,baada8b1-e62e-44c4-a14d-6702ea90f496,sunbird
f:baada8b1-e62e-44c4-a14d-6702ea90f496:a886e268-99ff-4d50-96f6-5a8449f6664f,baada8b1-e62e-44c4-a14d-6702ea90f496,sunbird
f:baada8b1-e62e-44c4-a14d-6702ea90f496:93015bd0-ddca-4a40-88dc-ab1aecf1ad7b,baada8b1-e62e-44c4-a14d-6702ea90f496,sunbird
f:baada8b1-e62e-44c4-a14d-6702ea90f496:22322c42-856a-42e5-b048-0be9d6106834,baada8b1-e62e-44c4-a14d-6702ea90f496,sunbird
f:baada8b1-e62e-44c4-a14d-6702ea90f496:9f494b3a-b75c-4b87-8ba9-cede7d3c4c4d,baada8b1-e62e-44c4-a14d-6702ea90f496,sunbird
f:baada8b1-e62e-44c4-a14d-6702ea90f496:67622f81-a4c0-411e-a727-894b41664a95,baada8b1-e62e-44c4-a14d-6702ea90f496,sunbird
f:baada8b1-e62e-44c4-a14d-6702ea90f496:1973f29f-9f54-4aaa-adb7-f9e63164d688,baada8b1-e62e-44c4-a14d-6702ea90f496,sunbird
f:baada8b1-e62e-44c4-a14d-6702ea90f496:1216e73c-6b03-40da-924e-d71039319ff9,baada8b1-e62e-44c4-a14d-6702ea90f496,sunbird
f:baada8b1-e62e-44c4-a14d-6702ea90f496:d5342b4e-98e7-49c1-a48b-b15aa4326dfa,baada8b1-e62e-44c4-a14d-6702ea90f496,sunbird
f:baada8b1-e62e-44c4-a14d-6702ea90f496:e0f33728-2e8b-47de-ba50-e688791114cc,baada8b1-e62e-44c4-a14d-6702ea90f496,sunbird
f:baada8b1-e62e-44c4-a14d-6702ea90f496:ff3b53a9-3b90-4cb9-ba7e-14960603724b,baada8b1-e62e-44c4-a14d-6702ea90f496,sunbird
f:baada8b1-e62e-44c4-a14d-6702ea90f496:2c3b0bbe-2931-474c-b24f-c15c721341dc,baada8b1-e62e-44c4-a14d-6702ea90f496,sunbird
f:baada8b1-e62e-44c4-a14d-6702ea90f496:8185f5fe-2852-41dc-8a1d-b90655ccb515,baada8b1-e62e-44c4-a14d-6702ea90f496,sunbird
f:baada8b1-e62e-44c4-a14d-6702ea90f496:ae937f30-ce70-41d0-ab76-0b420f686464,baada8b1-e62e-44c4-a14d-6702ea90f496,sunbird
f:baada8b1-e62e-44c4-a14d-6702ea90f496:f9ad28eb-23f7-46d2-a86a-655d6cf8b06e,baada8b1-e62e-44c4-a14d-6702ea90f496,sunbird
f:baada8b1-e62e-44c4-a14d-6702ea90f496:846002e9-0664-4299-b949-b38a7bc743af,baada8b1-e62e-44c4-a14d-6702ea90f496,sunbird
f:baada8b1-e62e-44c4-a14d-6702ea90f496:71c5f781-62a8-4713-9aa9-1e3e16643bd1,baada8b1-e62e-44c4-a14d-6702ea90f496,sunbird
f:baada8b1-e62e-44c4-a14d-6702ea90f496:ca0ff837-de7c-4cc9-9651-f9afa99318db,baada8b1-e62e-44c4-a14d-6702ea90f496,sunbird
f:baada8b1-e62e-44c4-a14d-6702ea90f496:57fd815a-85eb-4354-aef5-d3642f90b876,baada8b1-e62e-44c4-a14d-6702ea90f496,sunbird
f:baada8b1-e62e-44c4-a14d-6702ea90f496:a707c493-5d12-4ac5-ab61-228433be6edd,baada8b1-e62e-44c4-a14d-6702ea90f496,sunbird
f:baada8b1-e62e-44c4-a14d-6702ea90f496:8a1d47a4-2d4e-4074-a2c3-66751ead2ef3,baada8b1-e62e-44c4-a14d-6702ea90f496,sunbird
f:baada8b1-e62e-44c4-a14d-6702ea90f496:be827f1f-ce40-4e97-857f-6c906ae36429,baada8b1-e62e-44c4-a14d-6702ea90f496,sunbird
f:baada8b1-e62e-44c4-a14d-6702ea90f496:78fa38d7-72f2-4c6b-af96-ab9380e77239,baada8b1-e62e-44c4-a14d-6702ea90f496,sunbird
f:baada8b1-e62e-44c4-a14d-6702ea90f496:3a2651d5-a889-4d9b-9cf3-05bd448a4382,baada8b1-e62e-44c4-a14d-6702ea90f496,sunbird
f:baada8b1-e62e-44c4-a14d-6702ea90f496:bee23062-4805-4e63-84d6-ff306c3e15c8,baada8b1-e62e-44c4-a14d-6702ea90f496,sunbird
f:baada8b1-e62e-44c4-a14d-6702ea90f496:bbee299e-4dbb-4536-adce-78879db834f0,baada8b1-e62e-44c4-a14d-6702ea90f496,sunbird
f:baada8b1-e62e-44c4-a14d-6702ea90f496:64f070f0-90d9-4753-a6cc-a621e92634ad,baada8b1-e62e-44c4-a14d-6702ea90f496,sunbird
f:baada8b1-e62e-44c4-a14d-6702ea90f496:3ce43cbd-8195-4ea1-9e22-1c87ffaf7580,baada8b1-e62e-44c4-a14d-6702ea90f496,sunbird
f:baada8b1-e62e-44c4-a14d-6702ea90f496:8178f6f7-ea96-420a-9a2f-57085f569a8d,baada8b1-e62e-44c4-a14d-6702ea90f496,sunbird
f:baada8b1-e62e-44c4-a14d-6702ea90f496:21115e8f-4e37-4293-99b3-578d1d4ca22d,baada8b1-e62e-44c4-a14d-6702ea90f496,sunbird
f:baada8b1-e62e-44c4-a14d-6702ea90f496:11760eb1-10e7-4870-906d-f73ade668842,baada8b1-e62e-44c4-a14d-6702ea90f496,sunbird
f:baada8b1-e62e-44c4-a14d-6702ea90f496:49436ac4-2d85-4e87-8eac-e1f746fd6116,baada8b1-e62e-44c4-a14d-6702ea90f496,sunbird
f:baada8b1-e62e-44c4-a14d-6702ea90f496:a545fa41-10f6-4357-afc3-75c99227e670,baada8b1-e62e-44c4-a14d-6702ea90f496,sunbird
f:baada8b1-e62e-44c4-a14d-6702ea90f496:47add490-6faf-4027-9bf1-88d5020d47e7,baada8b1-e62e-44c4-a14d-6702ea90f496,sunbird
f:baada8b1-e62e-44c4-a14d-6702ea90f496:d199760c-c7bf-42aa-8421-e4061859ac89,baada8b1-e62e-44c4-a14d-6702ea90f496,sunbird
f:baada8b1-e62e-44c4-a14d-6702ea90f496:bedb3754-06c4-4c73-b42d-b36e2a47c70c,baada8b1-e62e-44c4-a14d-6702ea90f496,sunbird
f:baada8b1-e62e-44c4-a14d-6702ea90f496:9c051f02-2eaf-41f9-98fe-64ad2f426472,baada8b1-e62e-44c4-a14d-6702ea90f496,sunbird
f:baada8b1-e62e-44c4-a14d-6702ea90f496:ddd16658-14e1-458d-8b06-689243e35587,baada8b1-e62e-44c4-a14d-6702ea90f496,sunbird
f:baada8b1-e62e-44c4-a14d-6702ea90f496:95c69afe-f1dd-4fb5-9da1-0aa8edda9ba2,baada8b1-e62e-44c4-a14d-6702ea90f496,sunbird
f:baada8b1-e62e-44c4-a14d-6702ea90f496:12acb771-447c-45dc-8b56-271812a8d948,baada8b1-e62e-44c4-a14d-6702ea90f496,sunbird
f:baada8b1-e62e-44c4-a14d-6702ea90f496:837c61d8-5bcb-467b-949c-62f0b878bfd0,baada8b1-e62e-44c4-a14d-6702ea90f496,sunbird
f:baada8b1-e62e-44c4-a14d-6702ea90f496:d87ed62b-6e43-46fd-a70f-dbede25fc86c,baada8b1-e62e-44c4-a14d-6702ea90f496,sunbird
f:baada8b1-e62e-44c4-a14d-6702ea90f496:2a73f4e5-94ee-4e12-a43b-a2ca1e260360,baada8b1-e62e-44c4-a14d-6702ea90f496,sunbird
f:baada8b1-e62e-44c4-a14d-6702ea90f496:6c74de1b-5c54-4c7a-a6fe-b07cf19f39cc,baada8b1-e62e-44c4-a14d-6702ea90f496,sunbird
f:baada8b1-e62e-44c4-a14d-6702ea90f496:3fac0bab-10d4-4116-a1e5-324870982e7f,baada8b1-e62e-44c4-a14d-6702ea90f496,sunbird
f:baada8b1-e62e-44c4-a14d-6702ea90f496:fe1e6498-e171-4ee0-8496-ce0ae91a6170,baada8b1-e62e-44c4-a14d-6702ea90f496,sunbird
f:baada8b1-e62e-44c4-a14d-6702ea90f496:986ed986-dfd0-4c20-9af2-315767619678,baada8b1-e62e-44c4-a14d-6702ea90f496,sunbird
f:baada8b1-e62e-44c4-a14d-6702ea90f496:9d03de8a-444b-4abd-9829-0238c834e34a,baada8b1-e62e-44c4-a14d-6702ea90f496,sunbird
f:baada8b1-e62e-44c4-a14d-6702ea90f496:92ff99b8-ab1b-4ef5-a8c9-86a3b6cf2c67,baada8b1-e62e-44c4-a14d-6702ea90f496,sunbird
f:baada8b1-e62e-44c4-a14d-6702ea90f496:332cfb2f-4ca0-426c-99d7-9f0e589416fd,baada8b1-e62e-44c4-a14d-6702ea90f496,sunbird
f:baada8b1-e62e-44c4-a14d-6702ea90f496:6fecaffc-ee48-4e9b-95f4-68103519d4b4,baada8b1-e62e-44c4-a14d-6702ea90f496,sunbird
f:baada8b1-e62e-44c4-a14d-6702ea90f496:6725cf46-3ed7-4fe6-a61e-ff67448982c2,baada8b1-e62e-44c4-a14d-6702ea90f496,sunbird
f:baada8b1-e62e-44c4-a14d-6702ea90f496:07d13c1a-97ee-47e8-9ac3-0383e38b0b88,baada8b1-e62e-44c4-a14d-6702ea90f496,sunbird
f:baada8b1-e62e-44c4-a14d-6702ea90f496:0b47fdac-65be-44ff-8bf2-bf21127691da,baada8b1-e62e-44c4-a14d-6702ea90f496,sunbird
f:baada8b1-e62e-44c4-a14d-6702ea90f496:b2c85730-b097-4b42-ade7-2aa3c37ae875,baada8b1-e62e-44c4-a14d-6702ea90f496,sunbird
f:baada8b1-e62e-44c4-a14d-6702ea90f496:d046e316-142b-4668-b8fc-cc23c30405b0,baada8b1-e62e-44c4-a14d-6702ea90f496,sunbird
f:baada8b1-e62e-44c4-a14d-6702ea90f496:cefd7b14-73f4-45db-8b35-0cd7eece44de,baada8b1-e62e-44c4-a14d-6702ea90f496,sunbird
f:baada8b1-e62e-44c4-a14d-6702ea90f496:c9cee8fa-1e38-471e-8ef2-928358bb0925,baada8b1-e62e-44c4-a14d-6702ea90f496,sunbird
f:baada8b1-e62e-44c4-a14d-6702ea90f496:8548c73b-5cb6-44b7-a121-ebb088fb2437,baada8b1-e62e-44c4-a14d-6702ea90f496,sunbird
f:baada8b1-e62e-44c4-a14d-6702ea90f496:c65df667-fd85-402c-913a-5bba4ec2af0a,baada8b1-e62e-44c4-a14d-6702ea90f496,sunbird
f:baada8b1-e62e-44c4-a14d-6702ea90f496:2db26cd9-96a1-4f4b-a3a3-b3eba2805d0c,baada8b1-e62e-44c4-a14d-6702ea90f496,sunbird
f:baada8b1-e62e-44c4-a14d-6702ea90f496:2adf4d81-b91e-4c8b-81fd-21eb2940088a,baada8b1-e62e-44c4-a14d-6702ea90f496,sunbird
f:baada8b1-e62e-44c4-a14d-6702ea90f496:416d26db-dceb-4b31-8d49-f5cd238c851f,baada8b1-e62e-44c4-a14d-6702ea90f496,sunbird
f:baada8b1-e62e-44c4-a14d-6702ea90f496:51018b8f-421d-4a35-8b2e-2eed61c7df91,baada8b1-e62e-44c4-a14d-6702ea90f496,sunbird
f:baada8b1-e62e-44c4-a14d-6702ea90f496:05ec83b8-423a-4631-a061-e524d0d9b90d,baada8b1-e62e-44c4-a14d-6702ea90f496,sunbird
f:baada8b1-e62e-44c4-a14d-6702ea90f496:cdcbe9b3-663c-4517-90a6-88d3d9ec423e,baada8b1-e62e-44c4-a14d-6702ea90f496,sunbird
f:baada8b1-e62e-44c4-a14d-6702ea90f496:46fc35a9-d304-4d53-80b8-cb308b29bd90,baada8b1-e62e-44c4-a14d-6702ea90f496,sunbird
f:baada8b1-e62e-44c4-a14d-6702ea90f496:b7c1a006-5932-494a-b6ed-1d4e4987e6da,baada8b1-e62e-44c4-a14d-6702ea90f496,sunbird
f:baada8b1-e62e-44c4-a14d-6702ea90f496:471327d9-93d1-4d5f-982c-eec3d19515d9,baada8b1-e62e-44c4-a14d-6702ea90f496,sunbird
f:baada8b1-e62e-44c4-a14d-6702ea90f496:816e6692-425f-4969-96d4-ed6e6e5bda67,baada8b1-e62e-44c4-a14d-6702ea90f496,sunbird
f:baada8b1-e62e-44c4-a14d-6702ea90f496:54771322-ef39-45ca-9da3-c6a107a5eda1,baada8b1-e62e-44c4-a14d-6702ea90f496,sunbird
f:baada8b1-e62e-44c4-a14d-6702ea90f496:1488327b-f812-4fef-b083-2c7b14847fe6,baada8b1-e62e-44c4-a14d-6702ea90f496,sunbird
f:baada8b1-e62e-44c4-a14d-6702ea90f496:42360469-6f6d-441f-ac30-91690739dee4,baada8b1-e62e-44c4-a14d-6702ea90f496,sunbird
f:baada8b1-e62e-44c4-a14d-6702ea90f496:3348dc18-9980-4850-8073-75e18639140d,baada8b1-e62e-44c4-a14d-6702ea90f496,sunbird
f:baada8b1-e62e-44c4-a14d-6702ea90f496:1d36d82e-b8cf-4f0a-9b84-c767dcf05e65,baada8b1-e62e-44c4-a14d-6702ea90f496,sunbird
f:baada8b1-e62e-44c4-a14d-6702ea90f496:485bf058-b259-4485-805a-89c2a0cd9b45,baada8b1-e62e-44c4-a14d-6702ea90f496,sunbird
f:baada8b1-e62e-44c4-a14d-6702ea90f496:01de4697-f62f-4933-a301-75640b5850e4,baada8b1-e62e-44c4-a14d-6702ea90f496,sunbird
f:baada8b1-e62e-44c4-a14d-6702ea90f496:0c935900-de52-4541-ba03-15a53887742d,baada8b1-e62e-44c4-a14d-6702ea90f496,sunbird
f:baada8b1-e62e-44c4-a14d-6702ea90f496:7a6d413c-1e46-46ad-8d96-5b908399d03a,baada8b1-e62e-44c4-a14d-6702ea90f496,sunbird
f:baada8b1-e62e-44c4-a14d-6702ea90f496:06e09bfa-bfaa-46bf-a70e-f1489ab93941,baada8b1-e62e-44c4-a14d-6702ea90f496,sunbird
f:baada8b1-e62e-44c4-a14d-6702ea90f496:9fea1d09-023a-4632-abd6-b7993f44ae62,baada8b1-e62e-44c4-a14d-6702ea90f496,sunbird
f:baada8b1-e62e-44c4-a14d-6702ea90f496:32217a7b-946c-4fc5-8931-1d66e0a585b2,baada8b1-e62e-44c4-a14d-6702ea90f496,sunbird
f:baada8b1-e62e-44c4-a14d-6702ea90f496:f26930cf-a3a2-44c0-9945-83d997395c78,baada8b1-e62e-44c4-a14d-6702ea90f496,sunbird
f:baada8b1-e62e-44c4-a14d-6702ea90f496:de884fc0-3699-48ca-9fc9-1547e850d2f2,baada8b1-e62e-44c4-a14d-6702ea90f496,sunbird
f:baada8b1-e62e-44c4-a14d-6702ea90f496:b0293005-033f-4bdb-839d-4491841b1169,baada8b1-e62e-44c4-a14d-6702ea90f496,sunbird
f:baada8b1-e62e-44c4-a14d-6702ea90f496:39cbc0fe-0fb5-4ad1-88b3-7860a394ec79,baada8b1-e62e-44c4-a14d-6702ea90f496,sunbird
f:baada8b1-e62e-44c4-a14d-6702ea90f496:e9015606-a2c8-496f-80fa-b03e921811c1,baada8b1-e62e-44c4-a14d-6702ea90f496,sunbird
f:baada8b1-e62e-44c4-a14d-6702ea90f496:a0baf76b-fe65-40ed-bc94-39ee3c0b9562,baada8b1-e62e-44c4-a14d-6702ea90f496,sunbird
f:baada8b1-e62e-44c4-a14d-6702ea90f496:b839e0ba-7217-4082-bb75-91a3acd120ea,baada8b1-e62e-44c4-a14d-6702ea90f496,sunbird
f:baada8b1-e62e-44c4-a14d-6702ea90f496:2876e164-2670-455e-9b16-5c96f3bcc2ec,baada8b1-e62e-44c4-a14d-6702ea90f496,sunbird
f:baada8b1-e62e-44c4-a14d-6702ea90f496:85337872-64a4-4308-8e36-5b9505ccd2f3,baada8b1-e62e-44c4-a14d-6702ea90f496,sunbird
f:baada8b1-e62e-44c4-a14d-6702ea90f496:0bc0062f-3108-4458-9e1b-d779fdf20c86,baada8b1-e62e-44c4-a14d-6702ea90f496,sunbird
f:baada8b1-e62e-44c4-a14d-6702ea90f496:b1370d6e-9008-4206-816b-dabdf6b5a010,baada8b1-e62e-44c4-a14d-6702ea90f496,sunbird
f:baada8b1-e62e-44c4-a14d-6702ea90f496:2fa04ba6-317e-4407-95ab-f0d451c7940c,baada8b1-e62e-44c4-a14d-6702ea90f496,sunbird
f:baada8b1-e62e-44c4-a14d-6702ea90f496:da86f867-a8ea-412e-a8c0-f9ec8ca3564f,baada8b1-e62e-44c4-a14d-6702ea90f496,sunbird
f:baada8b1-e62e-44c4-a14d-6702ea90f496:bde9c5e3-19b1-4292-9dd3-c4a8083b6370,baada8b1-e62e-44c4-a14d-6702ea90f496,sunbird
f:baada8b1-e62e-44c4-a14d-6702ea90f496:1dd4c7b4-1944-44fd-9877-54c064e8a656,baada8b1-e62e-44c4-a14d-6702ea90f496,sunbird
f:baada8b1-e62e-44c4-a14d-6702ea90f496:7ad0412e-28f9-4a09-bd5f-a7692de4622a,baada8b1-e62e-44c4-a14d-6702ea90f496,sunbird
f:baada8b1-e62e-44c4-a14d-6702ea90f496:9c3f71d9-79a8-441a-85f1-83eb07d4e205,baada8b1-e62e-44c4-a14d-6702ea90f496,sunbird
f:baada8b1-e62e-44c4-a14d-6702ea90f496:cfb2f1aa-7d43-4ac1-9c61-790bca0849e3,baada8b1-e62e-44c4-a14d-6702ea90f496,sunbird
f:baada8b1-e62e-44c4-a14d-6702ea90f496:9589c07d-0312-4872-a587-a430f71b7708,baada8b1-e62e-44c4-a14d-6702ea90f496,sunbird
f:baada8b1-e62e-44c4-a14d-6702ea90f496:339db580-607c-4ddd-bedd-04b84abb2b66,baada8b1-e62e-44c4-a14d-6702ea90f496,sunbird
f:baada8b1-e62e-44c4-a14d-6702ea90f496:38a149e1-8fbe-4193-871a-b7d09ec8183f,baada8b1-e62e-44c4-a14d-6702ea90f496,sunbird
f:baada8b1-e62e-44c4-a14d-6702ea90f496:9d923d5d-56cf-4df3-a564-ad829b6009b8,baada8b1-e62e-44c4-a14d-6702ea90f496,sunbird
f:baada8b1-e62e-44c4-a14d-6702ea90f496:4452d7a8-7ea7-4469-b94e-37beb9feea38,baada8b1-e62e-44c4-a14d-6702ea90f496,sunbird
f:baada8b1-e62e-44c4-a14d-6702ea90f496:376d4b06-09f0-48b2-8d65-b78b344006a9,baada8b1-e62e-44c4-a14d-6702ea90f496,sunbird
f:baada8b1-e62e-44c4-a14d-6702ea90f496:a80c517e-86bd-40bc-8c68-04c5ea6878d1,baada8b1-e62e-44c4-a14d-6702ea90f496,sunbird
f:baada8b1-e62e-44c4-a14d-6702ea90f496:a08e6d13-a7a0-495d-bc07-34d54ceb04d5,baada8b1-e62e-44c4-a14d-6702ea90f496,sunbird
f:baada8b1-e62e-44c4-a14d-6702ea90f496:8a2ac149-365e-4a85-98b0-f98ed6c93bda,baada8b1-e62e-44c4-a14d-6702ea90f496,sunbird
f:baada8b1-e62e-44c4-a14d-6702ea90f496:11cb3eb4-f281-48e4-ac1b-19fb9cefd437,baada8b1-e62e-44c4-a14d-6702ea90f496,sunbird
f:baada8b1-e62e-44c4-a14d-6702ea90f496:e8eb6f68-2971-4012-8eed-b261244ec316,baada8b1-e62e-44c4-a14d-6702ea90f496,sunbird
f:baada8b1-e62e-44c4-a14d-6702ea90f496:387c9f5e-fe9f-4c7e-813c-d90b73c87ef6,baada8b1-e62e-44c4-a14d-6702ea90f496,sunbird
f:baada8b1-e62e-44c4-a14d-6702ea90f496:fd66b9ba-89c6-4d27-b551-2f1a0713d79b,baada8b1-e62e-44c4-a14d-6702ea90f496,sunbird
f:baada8b1-e62e-44c4-a14d-6702ea90f496:ca48b004-d5e2-4b77-83c8-4c3282a5eec6,baada8b1-e62e-44c4-a14d-6702ea90f496,sunbird
f:baada8b1-e62e-44c4-a14d-6702ea90f496:a00e750d-7076-4e51-81aa-08f75486e393,baada8b1-e62e-44c4-a14d-6702ea90f496,sunbird
f:baada8b1-e62e-44c4-a14d-6702ea90f496:6e905c09-559f-493d-b424-b351688bf5b2,baada8b1-e62e-44c4-a14d-6702ea90f496,sunbird
f:baada8b1-e62e-44c4-a14d-6702ea90f496:290b49af-9c7f-445a-aeb6-2a01aac39228,baada8b1-e62e-44c4-a14d-6702ea90f496,sunbird
f:baada8b1-e62e-44c4-a14d-6702ea90f496:a8f529e1-afd5-4a6a-a28f-4281133952e8,baada8b1-e62e-44c4-a14d-6702ea90f496,sunbird
f:baada8b1-e62e-44c4-a14d-6702ea90f496:b3ae14ee-7d36-44ce-b9a2-f2d0dd2ff78e,baada8b1-e62e-44c4-a14d-6702ea90f496,sunbird
f:baada8b1-e62e-44c4-a14d-6702ea90f496:7186a9b8-ffd1-45a4-887a-cfad300c319e,baada8b1-e62e-44c4-a14d-6702ea90f496,sunbird
f:baada8b1-e62e-44c4-a14d-6702ea90f496:836e2fb8-67df-4023-815a-28319535c381,baada8b1-e62e-44c4-a14d-6702ea90f496,sunbird
f:baada8b1-e62e-44c4-a14d-6702ea90f496:c07e2854-e659-4098-aa53-259f9c22be18,baada8b1-e62e-44c4-a14d-6702ea90f496,sunbird
f:baada8b1-e62e-44c4-a14d-6702ea90f496:98727636-c745-4309-8d52-9a9ffbcf3ef7,baada8b1-e62e-44c4-a14d-6702ea90f496,sunbird
f:baada8b1-e62e-44c4-a14d-6702ea90f496:a65c62f8-5530-4051-baef-64f32d648286,baada8b1-e62e-44c4-a14d-6702ea90f496,sunbird
f:baada8b1-e62e-44c4-a14d-6702ea90f496:0bd126a3-c1b8-4b4c-9514-f8454c7f40c7,baada8b1-e62e-44c4-a14d-6702ea90f496,sunbird
f:baada8b1-e62e-44c4-a14d-6702ea90f496:bfec7ba7-3deb-46ea-8c2b-d0270f13522a,baada8b1-e62e-44c4-a14d-6702ea90f496,sunbird
f:baada8b1-e62e-44c4-a14d-6702ea90f496:9d233cfe-00e0-4ae6-bacb-74564ce62fb0,baada8b1-e62e-44c4-a14d-6702ea90f496,sunbird
f:baada8b1-e62e-44c4-a14d-6702ea90f496:d52d4108-7a5d-49f4-bffc-634308623a72,baada8b1-e62e-44c4-a14d-6702ea90f496,sunbird
f:baada8b1-e62e-44c4-a14d-6702ea90f496:570c5a2b-b103-4e3d-85e0-5e2946bb7157,baada8b1-e62e-44c4-a14d-6702ea90f496,sunbird
f:baada8b1-e62e-44c4-a14d-6702ea90f496:9cf2c216-de83-4f50-ab09-bccdb912e590,baada8b1-e62e-44c4-a14d-6702ea90f496,sunbird
f:baada8b1-e62e-44c4-a14d-6702ea90f496:027bc1f5-c36f-4da8-87c7-4a67cc1c8328,baada8b1-e62e-44c4-a14d-6702ea90f496,sunbird
f:baada8b1-e62e-44c4-a14d-6702ea90f496:a177cf54-fa0b-47ef-b738-395193249023,baada8b1-e62e-44c4-a14d-6702ea90f496,sunbird
f:baada8b1-e62e-44c4-a14d-6702ea90f496:40b05d56-9765-44b8-89a0-0df65dd052f3,baada8b1-e62e-44c4-a14d-6702ea90f496,sunbird
f:baada8b1-e62e-44c4-a14d-6702ea90f496:217185ae-618b-469d-98c3-030d295adf3b,baada8b1-e62e-44c4-a14d-6702ea90f496,sunbird
f:baada8b1-e62e-44c4-a14d-6702ea90f496:4a8abf18-aabc-4f78-ba5f-a89a9a3d3f01,baada8b1-e62e-44c4-a14d-6702ea90f496,sunbird
f:baada8b1-e62e-44c4-a14d-6702ea90f496:09d20bc1-eed4-4d4f-813d-836ab7ab4fa8,baada8b1-e62e-44c4-a14d-6702ea90f496,sunbird
f:baada8b1-e62e-44c4-a14d-6702ea90f496:d3384ef8-4e92-4e43-9dd2-cce177dea053,baada8b1-e62e-44c4-a14d-6702ea90f496,sunbird
f:baada8b1-e62e-44c4-a14d-6702ea90f496:83355050-ff87-4187-8728-4d8ef51eff75,baada8b1-e62e-44c4-a14d-6702ea90f496,sunbird
f:baada8b1-e62e-44c4-a14d-6702ea90f496:33484931-d988-4d89-9978-d4c11cb051a7,baada8b1-e62e-44c4-a14d-6702ea90f496,sunbird
f:baada8b1-e62e-44c4-a14d-6702ea90f496:75751d7b-a677-47bb-81e2-7d3bfa8c9447,baada8b1-e62e-44c4-a14d-6702ea90f496,sunbird
f:baada8b1-e62e-44c4-a14d-6702ea90f496:9fc01dec-98fd-4edc-8447-e275bee9cc94,baada8b1-e62e-44c4-a14d-6702ea90f496,sunbird
f:baada8b1-e62e-44c4-a14d-6702ea90f496:7ee1c70c-661d-4ad1-ad17-edc189788a52,baada8b1-e62e-44c4-a14d-6702ea90f496,sunbird
f:baada8b1-e62e-44c4-a14d-6702ea90f496:c2932613-6b0c-40eb-a5ba-15653bbc0b07,baada8b1-e62e-44c4-a14d-6702ea90f496,sunbird
f:baada8b1-e62e-44c4-a14d-6702ea90f496:73431a23-4250-497e-b71e-c3adfe2d35b4,baada8b1-e62e-44c4-a14d-6702ea90f496,sunbird
f:baada8b1-e62e-44c4-a14d-6702ea90f496:cc7e69c1-e49a-4afd-8251-ea9ceb45b250,baada8b1-e62e-44c4-a14d-6702ea90f496,sunbird
f:baada8b1-e62e-44c4-a14d-6702ea90f496:093c7ad7-6322-4456-a824-788b7ae59375,baada8b1-e62e-44c4-a14d-6702ea90f496,sunbird
f:baada8b1-e62e-44c4-a14d-6702ea90f496:b418e315-4530-436c-9b76-cfb74fd23cfa,baada8b1-e62e-44c4-a14d-6702ea90f496,sunbird
f:baada8b1-e62e-44c4-a14d-6702ea90f496:e8f247f7-a3f3-49f9-818e-4f67872b9543,baada8b1-e62e-44c4-a14d-6702ea90f496,sunbird
f:baada8b1-e62e-44c4-a14d-6702ea90f496:a28c8d44-f053-43ed-a839-5ce186e9a5b8,baada8b1-e62e-44c4-a14d-6702ea90f496,sunbird
f:baada8b1-e62e-44c4-a14d-6702ea90f496:9fc231e2-2e1d-4662-bc3a-03eef403cc04,baada8b1-e62e-44c4-a14d-6702ea90f496,sunbird
f:baada8b1-e62e-44c4-a14d-6702ea90f496:209bd1c2-ebaf-4b57-859a-fc61621bb0be,baada8b1-e62e-44c4-a14d-6702ea90f496,sunbird
f:baada8b1-e62e-44c4-a14d-6702ea90f496:456980ff-5cb5-4b1b-bf55-e275b4f97ebf,baada8b1-e62e-44c4-a14d-6702ea90f496,sunbird
f:baada8b1-e62e-44c4-a14d-6702ea90f496:e238ebb6-8f32-4e2e-a688-7cec679e7f53,baada8b1-e62e-44c4-a14d-6702ea90f496,sunbird
f:baada8b1-e62e-44c4-a14d-6702ea90f496:18c0a480-6b5f-42f5-897f-df4bce94affa,baada8b1-e62e-44c4-a14d-6702ea90f496,sunbird
f:baada8b1-e62e-44c4-a14d-6702ea90f496:ff9ee30d-53f7-4643-b720-d9e8b7253292,baada8b1-e62e-44c4-a14d-6702ea90f496,sunbird
f:baada8b1-e62e-44c4-a14d-6702ea90f496:57afc68e-de05-4a3a-b5fe-4e6fff801922,baada8b1-e62e-44c4-a14d-6702ea90f496,sunbird
f:baada8b1-e62e-44c4-a14d-6702ea90f496:0366fae5-6ad9-4fe4-9f74-ddb0a033caa8,baada8b1-e62e-44c4-a14d-6702ea90f496,sunbird
f:baada8b1-e62e-44c4-a14d-6702ea90f496:a05ea3e0-be68-428c-b8fd-07a551cd982c,baada8b1-e62e-44c4-a14d-6702ea90f496,sunbird
f:baada8b1-e62e-44c4-a14d-6702ea90f496:ff85d0a2-f0e9-4987-bd0b-6be23d123459,baada8b1-e62e-44c4-a14d-6702ea90f496,sunbird
f:baada8b1-e62e-44c4-a14d-6702ea90f496:d909f856-a277-4b84-8631-4d98a4ede164,baada8b1-e62e-44c4-a14d-6702ea90f496,sunbird
f:baada8b1-e62e-44c4-a14d-6702ea90f496:1417cd82-8949-478a-b616-d68d65695610,baada8b1-e62e-44c4-a14d-6702ea90f496,sunbird
f:baada8b1-e62e-44c4-a14d-6702ea90f496:c04bca0f-f7b1-48ba-a5a8-61b6edd16e61,baada8b1-e62e-44c4-a14d-6702ea90f496,sunbird
f:baada8b1-e62e-44c4-a14d-6702ea90f496:07882cd8-2df0-4426-b672-0e65f108b7a7,baada8b1-e62e-44c4-a14d-6702ea90f496,sunbird
f:baada8b1-e62e-44c4-a14d-6702ea90f496:860bd014-8e06-45cc-909c-f5211bfef10f,baada8b1-e62e-44c4-a14d-6702ea90f496,sunbird
f:baada8b1-e62e-44c4-a14d-6702ea90f496:a2ede2b5-3dc9-42ff-aa45-8f78aea7b472,baada8b1-e62e-44c4-a14d-6702ea90f496,sunbird
f:baada8b1-e62e-44c4-a14d-6702ea90f496:4b5eecdf-bd75-49ae-aaf1-0dded7d2096b,baada8b1-e62e-44c4-a14d-6702ea90f496,sunbird
f:baada8b1-e62e-44c4-a14d-6702ea90f496:61d1c504-fee8-489c-831f-a90d8770abd8,baada8b1-e62e-44c4-a14d-6702ea90f496,sunbird
f:baada8b1-e62e-44c4-a14d-6702ea90f496:daf05fdc-5e93-4659-8285-9e58473e7642,baada8b1-e62e-44c4-a14d-6702ea90f496,sunbird
f:baada8b1-e62e-44c4-a14d-6702ea90f496:6f833662-ae4d-420a-af5f-3a4e5b4ee68c,baada8b1-e62e-44c4-a14d-6702ea90f496,sunbird
f:baada8b1-e62e-44c4-a14d-6702ea90f496:5aec377f-77ec-4f62-a4bd-f5bffee45e13,baada8b1-e62e-44c4-a14d-6702ea90f496,sunbird
f:baada8b1-e62e-44c4-a14d-6702ea90f496:c36edd4e-ba07-418c-88ce-75b0ee5946d7,baada8b1-e62e-44c4-a14d-6702ea90f496,sunbird
f:baada8b1-e62e-44c4-a14d-6702ea90f496:37159669-15c7-4e7d-854f-2053543ab0d5,baada8b1-e62e-44c4-a14d-6702ea90f496,sunbird
f:baada8b1-e62e-44c4-a14d-6702ea90f496:063e9d7d-3254-455c-8c88-861c14f81f1c,baada8b1-e62e-44c4-a14d-6702ea90f496,sunbird
f:baada8b1-e62e-44c4-a14d-6702ea90f496:977dcafd-6fa0-42a8-90df-0a0771613f3f,baada8b1-e62e-44c4-a14d-6702ea90f496,sunbird
f:baada8b1-e62e-44c4-a14d-6702ea90f496:0608c8e2-8a8d-4368-a649-bf5095a319c5,baada8b1-e62e-44c4-a14d-6702ea90f496,sunbird
f:baada8b1-e62e-44c4-a14d-6702ea90f496:ce9c5646-51cd-46ca-9c30-d7990fac6238,baada8b1-e62e-44c4-a14d-6702ea90f496,sunbird
f:baada8b1-e62e-44c4-a14d-6702ea90f496:21e995f2-b281-46a3-a0c5-6f7d86c6361c,baada8b1-e62e-44c4-a14d-6702ea90f496,sunbird
f:baada8b1-e62e-44c4-a14d-6702ea90f496:195d41fd-ff64-4d9e-8997-5529eb831e48,baada8b1-e62e-44c4-a14d-6702ea90f496,sunbird
f:baada8b1-e62e-44c4-a14d-6702ea90f496:7e001f11-7ace-41c3-b579-ada8725b74ef,baada8b1-e62e-44c4-a14d-6702ea90f496,sunbird
f:baada8b1-e62e-44c4-a14d-6702ea90f496:da3cccc9-2e53-4775-b245-de3b93d1d7b7,baada8b1-e62e-44c4-a14d-6702ea90f496,sunbird
f:baada8b1-e62e-44c4-a14d-6702ea90f496:3225da49-79a6-4965-aa6d-e67bb71ae952,baada8b1-e62e-44c4-a14d-6702ea90f496,sunbird
f:baada8b1-e62e-44c4-a14d-6702ea90f496:62830ae2-f5e0-4c42-a43e-475b159c4ff7,baada8b1-e62e-44c4-a14d-6702ea90f496,sunbird
f:baada8b1-e62e-44c4-a14d-6702ea90f496:d5829c55-817f-4764-b5fb-9ebfec6b9ce1,baada8b1-e62e-44c4-a14d-6702ea90f496,sunbird
f:baada8b1-e62e-44c4-a14d-6702ea90f496:fedf1ddf-976c-49e9-a1be-e7b052ba82c6,baada8b1-e62e-44c4-a14d-6702ea90f496,sunbird
f:baada8b1-e62e-44c4-a14d-6702ea90f496:ddcdf47e-787b-4707-9380-fd0a517c2f88,baada8b1-e62e-44c4-a14d-6702ea90f496,sunbird
f:baada8b1-e62e-44c4-a14d-6702ea90f496:80bef6c2-a76d-480c-88ea-35de20145d38,baada8b1-e62e-44c4-a14d-6702ea90f496,sunbird
f:baada8b1-e62e-44c4-a14d-6702ea90f496:6c10cf22-a280-4f5e-a9b0-5b04e6ae8697,baada8b1-e62e-44c4-a14d-6702ea90f496,sunbird
f:baada8b1-e62e-44c4-a14d-6702ea90f496:b4ed25bc-28c0-4c59-b876-aa4930c6710e,baada8b1-e62e-44c4-a14d-6702ea90f496,sunbird
f:baada8b1-e62e-44c4-a14d-6702ea90f496:b465729c-aa43-4404-84e0-b3b00e93ebc7,baada8b1-e62e-44c4-a14d-6702ea90f496,sunbird
f:baada8b1-e62e-44c4-a14d-6702ea90f496:e2f123e5-3a7c-4de1-aeaf-2210fbdb2e54,baada8b1-e62e-44c4-a14d-6702ea90f496,sunbird
f:baada8b1-e62e-44c4-a14d-6702ea90f496:dcf335b7-4812-4184-b15c-d33149795862,baada8b1-e62e-44c4-a14d-6702ea90f496,sunbird
f:baada8b1-e62e-44c4-a14d-6702ea90f496:aae010b5-1343-4969-bb4d-c30e9553465c,baada8b1-e62e-44c4-a14d-6702ea90f496,sunbird
f:baada8b1-e62e-44c4-a14d-6702ea90f496:40490804-9a9c-4c9c-b5cb-dd349c821d54,baada8b1-e62e-44c4-a14d-6702ea90f496,sunbird
f:baada8b1-e62e-44c4-a14d-6702ea90f496:4bead1bd-ebdb-4a77-9ffc-bce5d0aa0fb3,baada8b1-e62e-44c4-a14d-6702ea90f496,sunbird
f:baada8b1-e62e-44c4-a14d-6702ea90f496:74677b55-96e3-4556-8420-c9958721d945,baada8b1-e62e-44c4-a14d-6702ea90f496,sunbird
f:baada8b1-e62e-44c4-a14d-6702ea90f496:96fa944e-05b7-4f6c-a89b-7129d38dabdf,baada8b1-e62e-44c4-a14d-6702ea90f496,sunbird
f:baada8b1-e62e-44c4-a14d-6702ea90f496:a651bc9d-f914-42f0-8369-d34684c10c05,baada8b1-e62e-44c4-a14d-6702ea90f496,sunbird
f:baada8b1-e62e-44c4-a14d-6702ea90f496:7f75e547-bc4c-482c-a0a3-e00f34015ef7,baada8b1-e62e-44c4-a14d-6702ea90f496,sunbird
f:baada8b1-e62e-44c4-a14d-6702ea90f496:26feb872-f1a2-4109-ab37-3057e889473f,baada8b1-e62e-44c4-a14d-6702ea90f496,sunbird
f:baada8b1-e62e-44c4-a14d-6702ea90f496:e2696f18-d805-4c1d-81ed-1501b030c20e,baada8b1-e62e-44c4-a14d-6702ea90f496,sunbird
f:baada8b1-e62e-44c4-a14d-6702ea90f496:f4672b3e-648d-43b5-bd7e-f78215c869e7,baada8b1-e62e-44c4-a14d-6702ea90f496,sunbird
f:baada8b1-e62e-44c4-a14d-6702ea90f496:baf24991-57f1-42d9-9cd1-5a72fbb0b330,baada8b1-e62e-44c4-a14d-6702ea90f496,sunbird
f:baada8b1-e62e-44c4-a14d-6702ea90f496:1f9f90dd-f9a9-4397-91eb-330b072de91c,baada8b1-e62e-44c4-a14d-6702ea90f496,sunbird
f:baada8b1-e62e-44c4-a14d-6702ea90f496:859bff6c-1701-4d85-a2de-b40d2a04bded,baada8b1-e62e-44c4-a14d-6702ea90f496,sunbird
f:baada8b1-e62e-44c4-a14d-6702ea90f496:c23cd058-8116-48a7-80c2-a0c544f01179,baada8b1-e62e-44c4-a14d-6702ea90f496,sunbird
f:baada8b1-e62e-44c4-a14d-6702ea90f496:671f1548-4c03-4e78-a87e-8590c61a634e,baada8b1-e62e-44c4-a14d-6702ea90f496,sunbird
f:baada8b1-e62e-44c4-a14d-6702ea90f496:4e62b71b-636f-472c-a8c0-0d486c151100,baada8b1-e62e-44c4-a14d-6702ea90f496,sunbird
f:baada8b1-e62e-44c4-a14d-6702ea90f496:6c9c3cf8-607f-49a8-8f4a-f69a949921cb,baada8b1-e62e-44c4-a14d-6702ea90f496,sunbird
f:baada8b1-e62e-44c4-a14d-6702ea90f496:68e2b649-f8fd-4420-ba50-45c3dabe0d57,baada8b1-e62e-44c4-a14d-6702ea90f496,sunbird
f:baada8b1-e62e-44c4-a14d-6702ea90f496:e9c0cee9-d902-4d61-a104-5548229e315d,baada8b1-e62e-44c4-a14d-6702ea90f496,sunbird
f:baada8b1-e62e-44c4-a14d-6702ea90f496:6d348b78-6ec9-4933-8cb0-7986f3ea31ef,baada8b1-e62e-44c4-a14d-6702ea90f496,sunbird
f:baada8b1-e62e-44c4-a14d-6702ea90f496:2237758b-c22b-4586-bc4b-d84c9a9d4f7e,baada8b1-e62e-44c4-a14d-6702ea90f496,sunbird
f:baada8b1-e62e-44c4-a14d-6702ea90f496:5e3777e8-b9e0-4a0c-b017-42430e526b7a,baada8b1-e62e-44c4-a14d-6702ea90f496,sunbird
f:baada8b1-e62e-44c4-a14d-6702ea90f496:c450af22-46b1-40d2-81f6-4dd353999dcb,baada8b1-e62e-44c4-a14d-6702ea90f496,sunbird
f:baada8b1-e62e-44c4-a14d-6702ea90f496:ff3dba1f-6019-4467-a94f-01aa052d1e61,baada8b1-e62e-44c4-a14d-6702ea90f496,sunbird
f:baada8b1-e62e-44c4-a14d-6702ea90f496:51e2ab61-2e4f-4a5e-8ef4-8a1becb48fb7,baada8b1-e62e-44c4-a14d-6702ea90f496,sunbird
f:baada8b1-e62e-44c4-a14d-6702ea90f496:e084e14d-40d9-4b27-bd8d-b14884cd14d3,baada8b1-e62e-44c4-a14d-6702ea90f496,sunbird
f:baada8b1-e62e-44c4-a14d-6702ea90f496:4d692ed1-e6ec-4db9-8fde-3b53464e9668,baada8b1-e62e-44c4-a14d-6702ea90f496,sunbird
f:baada8b1-e62e-44c4-a14d-6702ea90f496:e12e2b03-2f78-4939-aa61-ac3f20979799,baada8b1-e62e-44c4-a14d-6702ea90f496,sunbird
f:baada8b1-e62e-44c4-a14d-6702ea90f496:0ee1f4c7-5dfb-4d75-b2ab-faec4a809725,baada8b1-e62e-44c4-a14d-6702ea90f496,sunbird
f:baada8b1-e62e-44c4-a14d-6702ea90f496:93301ef2-fb40-429c-bddf-d721f837b961,baada8b1-e62e-44c4-a14d-6702ea90f496,sunbird
f:baada8b1-e62e-44c4-a14d-6702ea90f496:382a526e-30cc-4cec-b75a-10c4829258ae,baada8b1-e62e-44c4-a14d-6702ea90f496,sunbird
f:baada8b1-e62e-44c4-a14d-6702ea90f496:83989377-4ef9-42e8-8456-7a186bdd316a,baada8b1-e62e-44c4-a14d-6702ea90f496,sunbird
f:baada8b1-e62e-44c4-a14d-6702ea90f496:048d5b33-7b5b-45eb-8f76-a0ff06ed10ff,baada8b1-e62e-44c4-a14d-6702ea90f496,sunbird
f:baada8b1-e62e-44c4-a14d-6702ea90f496:69da414d-bed3-4e7f-9bdb-f86fb747afec,baada8b1-e62e-44c4-a14d-6702ea90f496,sunbird
f:baada8b1-e62e-44c4-a14d-6702ea90f496:9c506799-f1ef-42f6-82a6-1930c94cfb5a,baada8b1-e62e-44c4-a14d-6702ea90f496,sunbird
f:baada8b1-e62e-44c4-a14d-6702ea90f496:750980fb-448d-4c41-b2b5-9b7e1e46581e,baada8b1-e62e-44c4-a14d-6702ea90f496,sunbird
f:baada8b1-e62e-44c4-a14d-6702ea90f496:f071cbf1-5cb0-4454-ad05-d9f4075aa6fc,baada8b1-e62e-44c4-a14d-6702ea90f496,sunbird
f:baada8b1-e62e-44c4-a14d-6702ea90f496:051b81a0-5442-479c-8997-ac8c546b9a24,baada8b1-e62e-44c4-a14d-6702ea90f496,sunbird
f:baada8b1-e62e-44c4-a14d-6702ea90f496:d4455ea5-20ca-4347-a371-999e884047e6,baada8b1-e62e-44c4-a14d-6702ea90f496,sunbird
f:baada8b1-e62e-44c4-a14d-6702ea90f496:fc957e18-1447-4495-b78d-bc840ecad48c,baada8b1-e62e-44c4-a14d-6702ea90f496,sunbird
f:baada8b1-e62e-44c4-a14d-6702ea90f496:9acf88f0-40e8-4722-85ca-c1428a288444,baada8b1-e62e-44c4-a14d-6702ea90f496,sunbird
f:baada8b1-e62e-44c4-a14d-6702ea90f496:ff0232d6-de0a-4288-a4d7-1938b9cf7630,baada8b1-e62e-44c4-a14d-6702ea90f496,sunbird
f:baada8b1-e62e-44c4-a14d-6702ea90f496:7639f990-d072-4691-9c04-3e2ebe662315,baada8b1-e62e-44c4-a14d-6702ea90f496,sunbird
f:baada8b1-e62e-44c4-a14d-6702ea90f496:ceeffeef-8103-4649-afe8-6ae36eab6b2b,baada8b1-e62e-44c4-a14d-6702ea90f496,sunbird
f:baada8b1-e62e-44c4-a14d-6702ea90f496:ca9cfd69-d360-4dae-a09a-ffd7c52bf3c9,baada8b1-e62e-44c4-a14d-6702ea90f496,sunbird
f:baada8b1-e62e-44c4-a14d-6702ea90f496:f6de999f-6504-4615-85d6-2d5053cd8e8e,baada8b1-e62e-44c4-a14d-6702ea90f496,sunbird
f:baada8b1-e62e-44c4-a14d-6702ea90f496:433040a0-9e2d-4ef1-bb0e-4a8f9070c6e8,baada8b1-e62e-44c4-a14d-6702ea90f496,sunbird
f:baada8b1-e62e-44c4-a14d-6702ea90f496:a92dca81-a84d-435e-9124-c923f027049c,baada8b1-e62e-44c4-a14d-6702ea90f496,sunbird
f:baada8b1-e62e-44c4-a14d-6702ea90f496:ab184927-6be5-4e6c-ac87-9733ed8b1311,baada8b1-e62e-44c4-a14d-6702ea90f496,sunbird
f:baada8b1-e62e-44c4-a14d-6702ea90f496:26ce015d-d5c8-48ca-975f-6098a992fa59,baada8b1-e62e-44c4-a14d-6702ea90f496,sunbird
f:baada8b1-e62e-44c4-a14d-6702ea90f496:3710cc9d-6c78-49fe-baad-a95dc51e63c6,baada8b1-e62e-44c4-a14d-6702ea90f496,sunbird
f:baada8b1-e62e-44c4-a14d-6702ea90f496:535dee27-46b6-4c63-b539-a7da762745d5,baada8b1-e62e-44c4-a14d-6702ea90f496,sunbird
f:baada8b1-e62e-44c4-a14d-6702ea90f496:1d8f7fb0-37bf-4c49-8968-26cf520b6d35,baada8b1-e62e-44c4-a14d-6702ea90f496,sunbird
f:baada8b1-e62e-44c4-a14d-6702ea90f496:1c5dfe9c-ed95-4ce7-bcde-f654fe75e48d,baada8b1-e62e-44c4-a14d-6702ea90f496,sunbird
f:baada8b1-e62e-44c4-a14d-6702ea90f496:760a7144-05ad-4b9b-8369-da325b402f50,baada8b1-e62e-44c4-a14d-6702ea90f496,sunbird
f:baada8b1-e62e-44c4-a14d-6702ea90f496:9962f6a1-e139-4c94-a250-3ad1e509516e,baada8b1-e62e-44c4-a14d-6702ea90f496,sunbird
f:baada8b1-e62e-44c4-a14d-6702ea90f496:7020befb-fe8d-40db-b1f6-705055459809,baada8b1-e62e-44c4-a14d-6702ea90f496,sunbird
f:baada8b1-e62e-44c4-a14d-6702ea90f496:665a171a-21e8-4276-be8f-cc36b16e1627,baada8b1-e62e-44c4-a14d-6702ea90f496,sunbird
f:baada8b1-e62e-44c4-a14d-6702ea90f496:47c58f52-814e-4f4c-9e9e-c23811284e56,baada8b1-e62e-44c4-a14d-6702ea90f496,sunbird
f:baada8b1-e62e-44c4-a14d-6702ea90f496:beefb5c3-0f7f-4d3e-bffe-92adc4e63654,baada8b1-e62e-44c4-a14d-6702ea90f496,sunbird
f:baada8b1-e62e-44c4-a14d-6702ea90f496:4b71398a-f86d-4a6e-b921-17382ac42217,baada8b1-e62e-44c4-a14d-6702ea90f496,sunbird
f:baada8b1-e62e-44c4-a14d-6702ea90f496:fae56ac7-6a19-47ae-8023-eaa87c5a687a,baada8b1-e62e-44c4-a14d-6702ea90f496,sunbird
f:baada8b1-e62e-44c4-a14d-6702ea90f496:db0011b7-a840-4e13-b2c4-fe08c8dc00b6,baada8b1-e62e-44c4-a14d-6702ea90f496,sunbird
f:baada8b1-e62e-44c4-a14d-6702ea90f496:f5d28001-8d76-47e0-bc73-ae689c5ab0dd,baada8b1-e62e-44c4-a14d-6702ea90f496,sunbird
f:baada8b1-e62e-44c4-a14d-6702ea90f496:59039e74-ed90-490c-b975-deb4c5fd3d62,baada8b1-e62e-44c4-a14d-6702ea90f496,sunbird
f:baada8b1-e62e-44c4-a14d-6702ea90f496:8afac10a-ae6d-4d20-8a45-76bd576a849e,baada8b1-e62e-44c4-a14d-6702ea90f496,sunbird
f:baada8b1-e62e-44c4-a14d-6702ea90f496:e2cf5779-9a74-40c7-be43-db740d232200,baada8b1-e62e-44c4-a14d-6702ea90f496,sunbird
f:baada8b1-e62e-44c4-a14d-6702ea90f496:c13131c7-6759-4a6f-9f38-fac1c85bd619,baada8b1-e62e-44c4-a14d-6702ea90f496,sunbird
f:baada8b1-e62e-44c4-a14d-6702ea90f496:b8e80267-48fb-4afd-9e83-e208e392a211,baada8b1-e62e-44c4-a14d-6702ea90f496,sunbird
f:baada8b1-e62e-44c4-a14d-6702ea90f496:f5a7324a-be05-4eba-85e2-4144b281fa44,baada8b1-e62e-44c4-a14d-6702ea90f496,sunbird
f:baada8b1-e62e-44c4-a14d-6702ea90f496:7fd93c7c-eb7a-4fda-b9e9-ba50d297ab1b,baada8b1-e62e-44c4-a14d-6702ea90f496,sunbird
f:baada8b1-e62e-44c4-a14d-6702ea90f496:a828a295-f6db-4c1d-8e21-8c9dff9918af,baada8b1-e62e-44c4-a14d-6702ea90f496,sunbird
f:baada8b1-e62e-44c4-a14d-6702ea90f496:8abc4b73-464c-4f12-915b-5acd5fc9ae1a,baada8b1-e62e-44c4-a14d-6702ea90f496,sunbird
f:baada8b1-e62e-44c4-a14d-6702ea90f496:7be2babc-d534-4b2b-9469-8a2560266e35,baada8b1-e62e-44c4-a14d-6702ea90f496,sunbird
f:baada8b1-e62e-44c4-a14d-6702ea90f496:c6727e8f-7448-45eb-8051-5b4c9bf15d27,baada8b1-e62e-44c4-a14d-6702ea90f496,sunbird
f:baada8b1-e62e-44c4-a14d-6702ea90f496:98e0c589-6d81-4e53-b483-6564ab487d26,baada8b1-e62e-44c4-a14d-6702ea90f496,sunbird
f:baada8b1-e62e-44c4-a14d-6702ea90f496:019633ba-7a19-48b8-b191-75b57c1cb51c,baada8b1-e62e-44c4-a14d-6702ea90f496,sunbird
f:baada8b1-e62e-44c4-a14d-6702ea90f496:c11782b3-b5be-47ae-8428-812febd6ff01,baada8b1-e62e-44c4-a14d-6702ea90f496,sunbird
f:baada8b1-e62e-44c4-a14d-6702ea90f496:cde4cbbd-d27e-4c3b-8796-e58a3cbf7127,baada8b1-e62e-44c4-a14d-6702ea90f496,sunbird
f:baada8b1-e62e-44c4-a14d-6702ea90f496:015c7deb-ddd0-4ae0-97c8-5bb2f1bf3b45,baada8b1-e62e-44c4-a14d-6702ea90f496,sunbird
f:baada8b1-e62e-44c4-a14d-6702ea90f496:b24aeb9f-8e40-44c7-ab74-6e0a8d1efea4,baada8b1-e62e-44c4-a14d-6702ea90f496,sunbird
f:baada8b1-e62e-44c4-a14d-6702ea90f496:f5e6b6df-6ed1-43ce-a668-3d166b8e6877,baada8b1-e62e-44c4-a14d-6702ea90f496,sunbird
f:baada8b1-e62e-44c4-a14d-6702ea90f496:b103c933-a881-4cc3-8ab0-af6ce8423713,baada8b1-e62e-44c4-a14d-6702ea90f496,sunbird
f:baada8b1-e62e-44c4-a14d-6702ea90f496:97ec3981-4537-4e6b-a977-a264d6f3a438,baada8b1-e62e-44c4-a14d-6702ea90f496,sunbird
f:baada8b1-e62e-44c4-a14d-6702ea90f496:c1ca32d5-9863-427f-80e4-a69fa2286b5e,baada8b1-e62e-44c4-a14d-6702ea90f496,sunbird
f:baada8b1-e62e-44c4-a14d-6702ea90f496:f8198f91-77a4-4ce2-96e8-357030aa97d6,baada8b1-e62e-44c4-a14d-6702ea90f496,sunbird
f:baada8b1-e62e-44c4-a14d-6702ea90f496:44b7d417-52eb-4ba2-9b13-d1930216f85b,baada8b1-e62e-44c4-a14d-6702ea90f496,sunbird
f:baada8b1-e62e-44c4-a14d-6702ea90f496:f2d73bc3-6d41-48ce-a798-a1da67cc9868,baada8b1-e62e-44c4-a14d-6702ea90f496,sunbird
f:baada8b1-e62e-44c4-a14d-6702ea90f496:998a7532-c68b-4477-b35c-1e938c13002a,baada8b1-e62e-44c4-a14d-6702ea90f496,sunbird
f:baada8b1-e62e-44c4-a14d-6702ea90f496:404788c8-5b8c-4333-8762-710d7ad52e65,baada8b1-e62e-44c4-a14d-6702ea90f496,sunbird
f:baada8b1-e62e-44c4-a14d-6702ea90f496:c3b72bcc-30a1-4d42-a109-abb9639d8c48,baada8b1-e62e-44c4-a14d-6702ea90f496,sunbird
f:baada8b1-e62e-44c4-a14d-6702ea90f496:161c7d2c-eda9-40cc-884a-487b89f245b4,baada8b1-e62e-44c4-a14d-6702ea90f496,sunbird
f:baada8b1-e62e-44c4-a14d-6702ea90f496:fe323017-17ee-4c5d-a0df-758c0e33dcf0,baada8b1-e62e-44c4-a14d-6702ea90f496,sunbird
f:baada8b1-e62e-44c4-a14d-6702ea90f496:57ad1054-31a5-46f4-8e83-24d06517ed4d,baada8b1-e62e-44c4-a14d-6702ea90f496,sunbird
f:baada8b1-e62e-44c4-a14d-6702ea90f496:c9933d8f-63a5-4108-b2d0-6f172fdab907,baada8b1-e62e-44c4-a14d-6702ea90f496,sunbird
f:baada8b1-e62e-44c4-a14d-6702ea90f496:cc69c34b-798e-4d5b-83e0-f85594429dad,baada8b1-e62e-44c4-a14d-6702ea90f496,sunbird
f:baada8b1-e62e-44c4-a14d-6702ea90f496:e75e210b-3f24-48d1-9cbc-3a73ebf771f6,baada8b1-e62e-44c4-a14d-6702ea90f496,sunbird
f:baada8b1-e62e-44c4-a14d-6702ea90f496:d2c14fa0-9522-45f9-be4a-59168f7bd481,baada8b1-e62e-44c4-a14d-6702ea90f496,sunbird
f:baada8b1-e62e-44c4-a14d-6702ea90f496:d7568905-06d5-4399-abd7-b48efd46fb81,baada8b1-e62e-44c4-a14d-6702ea90f496,sunbird
f:baada8b1-e62e-44c4-a14d-6702ea90f496:e1602c1e-7ed3-4b07-bc5b-c54e21574faa,baada8b1-e62e-44c4-a14d-6702ea90f496,sunbird
f:baada8b1-e62e-44c4-a14d-6702ea90f496:82a22c14-63de-41f4-a6eb-94743edb5374,baada8b1-e62e-44c4-a14d-6702ea90f496,sunbird
f:baada8b1-e62e-44c4-a14d-6702ea90f496:e9755d0b-bd33-4b52-b218-08347d7df721,baada8b1-e62e-44c4-a14d-6702ea90f496,sunbird
f:baada8b1-e62e-44c4-a14d-6702ea90f496:aafb269f-8291-4a8a-a449-5635e0b0fd75,baada8b1-e62e-44c4-a14d-6702ea90f496,sunbird
f:baada8b1-e62e-44c4-a14d-6702ea90f496:3976f4cd-f387-4769-8f20-d1c420a8ce1a,baada8b1-e62e-44c4-a14d-6702ea90f496,sunbird
f:baada8b1-e62e-44c4-a14d-6702ea90f496:9b4b08c4-de04-4556-a175-fd104890e58b,baada8b1-e62e-44c4-a14d-6702ea90f496,sunbird
f:baada8b1-e62e-44c4-a14d-6702ea90f496:82617ed6-eaa4-4ddc-87ca-2d06e04202f5,baada8b1-e62e-44c4-a14d-6702ea90f496,sunbird
f:baada8b1-e62e-44c4-a14d-6702ea90f496:9355ed5a-5f16-46ce-8a32-9a8cb601390f,baada8b1-e62e-44c4-a14d-6702ea90f496,sunbird
f:baada8b1-e62e-44c4-a14d-6702ea90f496:a950620f-f664-481c-82cc-7f1bb2380a42,baada8b1-e62e-44c4-a14d-6702ea90f496,sunbird
f:baada8b1-e62e-44c4-a14d-6702ea90f496:86e810c1-8b06-43c0-81dc-f306ee956141,baada8b1-e62e-44c4-a14d-6702ea90f496,sunbird
f:baada8b1-e62e-44c4-a14d-6702ea90f496:54d7b84e-556b-4ca1-be07-f031c159fd8c,baada8b1-e62e-44c4-a14d-6702ea90f496,sunbird
f:baada8b1-e62e-44c4-a14d-6702ea90f496:8bfd59a7-aad2-42ae-b1c7-c14e06175eea,baada8b1-e62e-44c4-a14d-6702ea90f496,sunbird
f:baada8b1-e62e-44c4-a14d-6702ea90f496:1a0a0412-6b94-4c1e-b37d-dc92cf459e70,baada8b1-e62e-44c4-a14d-6702ea90f496,sunbird
f:baada8b1-e62e-44c4-a14d-6702ea90f496:6bf7b4cb-221c-4faf-8e3e-75bb73f3aee1,baada8b1-e62e-44c4-a14d-6702ea90f496,sunbird
f:baada8b1-e62e-44c4-a14d-6702ea90f496:748d73d4-098b-47a8-a19f-402a5767c2c7,baada8b1-e62e-44c4-a14d-6702ea90f496,sunbird
f:baada8b1-e62e-44c4-a14d-6702ea90f496:8441b4ed-8f03-4785-9f37-3ef0265eb510,baada8b1-e62e-44c4-a14d-6702ea90f496,sunbird
f:baada8b1-e62e-44c4-a14d-6702ea90f496:a0e9d57f-2e0e-4338-8e04-bacf3396dc99,baada8b1-e62e-44c4-a14d-6702ea90f496,sunbird
f:baada8b1-e62e-44c4-a14d-6702ea90f496:496d97fc-c7f5-4ddf-91c3-35fe37b55722,baada8b1-e62e-44c4-a14d-6702ea90f496,sunbird
f:baada8b1-e62e-44c4-a14d-6702ea90f496:c4783ce4-a564-44c5-bcea-85788b4e549d,baada8b1-e62e-44c4-a14d-6702ea90f496,sunbird
f:baada8b1-e62e-44c4-a14d-6702ea90f496:bc798327-c0d5-450b-b0f2-a65a413e9ac1,baada8b1-e62e-44c4-a14d-6702ea90f496,sunbird
f:baada8b1-e62e-44c4-a14d-6702ea90f496:79566e73-c5c4-45f3-8000-852b7e33c2c5,baada8b1-e62e-44c4-a14d-6702ea90f496,sunbird
f:baada8b1-e62e-44c4-a14d-6702ea90f496:cc8f3223-4bac-4c62-8cdd-d686d590b08d,baada8b1-e62e-44c4-a14d-6702ea90f496,sunbird
f:baada8b1-e62e-44c4-a14d-6702ea90f496:0b1ed856-6411-44fd-8379-87b94d58f4ce,baada8b1-e62e-44c4-a14d-6702ea90f496,sunbird
f:baada8b1-e62e-44c4-a14d-6702ea90f496:843b4c91-a296-4c30-9807-29b5314f7dad,baada8b1-e62e-44c4-a14d-6702ea90f496,sunbird
f:baada8b1-e62e-44c4-a14d-6702ea90f496:cf316728-e639-4530-9d6a-017159afc8ec,baada8b1-e62e-44c4-a14d-6702ea90f496,sunbird
f:baada8b1-e62e-44c4-a14d-6702ea90f496:807c18b5-0bb1-40b8-8e7a-c0d2753dfef7,baada8b1-e62e-44c4-a14d-6702ea90f496,sunbird
f:baada8b1-e62e-44c4-a14d-6702ea90f496:1f48cde3-3b83-4aa7-8fcd-52558a8e8c80,baada8b1-e62e-44c4-a14d-6702ea90f496,sunbird
f:baada8b1-e62e-44c4-a14d-6702ea90f496:8d43abab-36ac-40fb-983a-e8e7cae81a76,baada8b1-e62e-44c4-a14d-6702ea90f496,sunbird
f:baada8b1-e62e-44c4-a14d-6702ea90f496:d01469f5-8afe-4d9c-9c37-c020a6a8b1f7,baada8b1-e62e-44c4-a14d-6702ea90f496,sunbird
f:baada8b1-e62e-44c4-a14d-6702ea90f496:3bff1d24-c2fb-4380-9ef7-dac1e78fdd31,baada8b1-e62e-44c4-a14d-6702ea90f496,sunbird
f:baada8b1-e62e-44c4-a14d-6702ea90f496:4048e871-190a-4482-90c2-a41f6a077919,baada8b1-e62e-44c4-a14d-6702ea90f496,sunbird
f:baada8b1-e62e-44c4-a14d-6702ea90f496:7bd718d5-e249-4209-95c5-97036eb93833,baada8b1-e62e-44c4-a14d-6702ea90f496,sunbird
f:baada8b1-e62e-44c4-a14d-6702ea90f496:3f0c0c2c-7c0f-4992-9023-f429875d50fc,baada8b1-e62e-44c4-a14d-6702ea90f496,sunbird
f:baada8b1-e62e-44c4-a14d-6702ea90f496:5a0e18f2-9209-40da-856b-5a870bfe13f0,baada8b1-e62e-44c4-a14d-6702ea90f496,sunbird
f:baada8b1-e62e-44c4-a14d-6702ea90f496:6ef2db59-615b-4fba-8505-b73bff2ebfbf,baada8b1-e62e-44c4-a14d-6702ea90f496,sunbird
f:baada8b1-e62e-44c4-a14d-6702ea90f496:1c68914a-a795-45b2-b4db-d1918d657483,baada8b1-e62e-44c4-a14d-6702ea90f496,sunbird
f:baada8b1-e62e-44c4-a14d-6702ea90f496:766fe8f1-7a56-41fe-8b96-6217bd071b5d,baada8b1-e62e-44c4-a14d-6702ea90f496,sunbird
f:baada8b1-e62e-44c4-a14d-6702ea90f496:ee0c1f2d-6819-471c-8c5b-926666492882,baada8b1-e62e-44c4-a14d-6702ea90f496,sunbird
f:baada8b1-e62e-44c4-a14d-6702ea90f496:a7dc8fbc-abef-46d6-9a15-7fc3c74500bb,baada8b1-e62e-44c4-a14d-6702ea90f496,sunbird
f:baada8b1-e62e-44c4-a14d-6702ea90f496:b9b4c721-87dd-4a1c-b91d-1f2fa939eae9,baada8b1-e62e-44c4-a14d-6702ea90f496,sunbird
f:baada8b1-e62e-44c4-a14d-6702ea90f496:f72b214a-4c58-4ad3-8495-40aabe2ffde0,baada8b1-e62e-44c4-a14d-6702ea90f496,sunbird
f:baada8b1-e62e-44c4-a14d-6702ea90f496:4f494476-2069-4493-9102-4561ea7fc432,baada8b1-e62e-44c4-a14d-6702ea90f496,sunbird
f:baada8b1-e62e-44c4-a14d-6702ea90f496:d8458db9-2cc6-4a74-97ce-0489d649bb5c,baada8b1-e62e-44c4-a14d-6702ea90f496,sunbird
f:baada8b1-e62e-44c4-a14d-6702ea90f496:5c7d47ce-845a-4d36-bc73-24f0f75500f2,baada8b1-e62e-44c4-a14d-6702ea90f496,sunbird
f:baada8b1-e62e-44c4-a14d-6702ea90f496:ca3975bc-0662-4f3c-b82e-93a96b135749,baada8b1-e62e-44c4-a14d-6702ea90f496,sunbird
f:baada8b1-e62e-44c4-a14d-6702ea90f496:05e13c6c-050a-4fbf-92de-2445071b77da,baada8b1-e62e-44c4-a14d-6702ea90f496,sunbird
f:baada8b1-e62e-44c4-a14d-6702ea90f496:b163816d-ec8f-47d3-a023-3cc6319f2fad,baada8b1-e62e-44c4-a14d-6702ea90f496,sunbird
f:baada8b1-e62e-44c4-a14d-6702ea90f496:3fbd1018-2399-43c9-b9cc-9f8742a50b45,baada8b1-e62e-44c4-a14d-6702ea90f496,sunbird
f:baada8b1-e62e-44c4-a14d-6702ea90f496:f62cbd05-9ef4-4979-9a93-1b3561c1af79,baada8b1-e62e-44c4-a14d-6702ea90f496,sunbird
f:baada8b1-e62e-44c4-a14d-6702ea90f496:d03c063e-9172-4360-8a4a-2c51a72674c8,baada8b1-e62e-44c4-a14d-6702ea90f496,sunbird
f:baada8b1-e62e-44c4-a14d-6702ea90f496:5c8f6859-07c3-4f1b-ae47-ead1251cbd02,baada8b1-e62e-44c4-a14d-6702ea90f496,sunbird
f:baada8b1-e62e-44c4-a14d-6702ea90f496:df23d3b6-eefe-4a3e-be0a-d57ce0084023,baada8b1-e62e-44c4-a14d-6702ea90f496,sunbird
f:baada8b1-e62e-44c4-a14d-6702ea90f496:9883b16e-668b-4fa0-bc01-199ee666a7eb,baada8b1-e62e-44c4-a14d-6702ea90f496,sunbird
f:baada8b1-e62e-44c4-a14d-6702ea90f496:26df46b9-afdd-4a3a-ae88-988c9540e62f,baada8b1-e62e-44c4-a14d-6702ea90f496,sunbird
f:baada8b1-e62e-44c4-a14d-6702ea90f496:b74e7146-5d66-4237-b784-3243d4618eb1,baada8b1-e62e-44c4-a14d-6702ea90f496,sunbird
f:baada8b1-e62e-44c4-a14d-6702ea90f496:b49daec6-4433-4a59-87d1-056ed9813c0d,baada8b1-e62e-44c4-a14d-6702ea90f496,sunbird
f:baada8b1-e62e-44c4-a14d-6702ea90f496:063bcc8b-8bf1-4403-8fdd-5f92086f3ac0,baada8b1-e62e-44c4-a14d-6702ea90f496,sunbird
f:baada8b1-e62e-44c4-a14d-6702ea90f496:ab347197-b24d-4dc2-95b3-6d64ecbb9798,baada8b1-e62e-44c4-a14d-6702ea90f496,sunbird
f:baada8b1-e62e-44c4-a14d-6702ea90f496:81cc3b06-ae6a-42a8-b9e7-94e2145d5491,baada8b1-e62e-44c4-a14d-6702ea90f496,sunbird
f:baada8b1-e62e-44c4-a14d-6702ea90f496:fe152872-05a1-49b4-906e-d504bde02abc,baada8b1-e62e-44c4-a14d-6702ea90f496,sunbird
f:baada8b1-e62e-44c4-a14d-6702ea90f496:b095638f-9368-4271-be92-eeb5e2ad91e6,baada8b1-e62e-44c4-a14d-6702ea90f496,sunbird
f:baada8b1-e62e-44c4-a14d-6702ea90f496:05faa6b2-09d4-423f-a27b-966d6f3d9fef,baada8b1-e62e-44c4-a14d-6702ea90f496,sunbird
f:baada8b1-e62e-44c4-a14d-6702ea90f496:39a9f658-1f56-46de-abed-1101453a2ebc,baada8b1-e62e-44c4-a14d-6702ea90f496,sunbird
f:baada8b1-e62e-44c4-a14d-6702ea90f496:e9a4d448-452c-4a7c-924b-e6ab1569e3da,baada8b1-e62e-44c4-a14d-6702ea90f496,sunbird
f:baada8b1-e62e-44c4-a14d-6702ea90f496:4de02254-8ed0-44bd-ad4f-dd20d65ed83d,baada8b1-e62e-44c4-a14d-6702ea90f496,sunbird
f:baada8b1-e62e-44c4-a14d-6702ea90f496:c9d91ef7-0b03-474d-b70b-001045897c9b,baada8b1-e62e-44c4-a14d-6702ea90f496,sunbird
f:baada8b1-e62e-44c4-a14d-6702ea90f496:3cc2a833-869e-4345-bc6f-f990baeb7213,baada8b1-e62e-44c4-a14d-6702ea90f496,sunbird
f:baada8b1-e62e-44c4-a14d-6702ea90f496:e95d4e2e-93c5-4d00-b8fa-b832e1b43884,baada8b1-e62e-44c4-a14d-6702ea90f496,sunbird
f:baada8b1-e62e-44c4-a14d-6702ea90f496:ecb0be31-0548-47d0-b185-49b991438051,baada8b1-e62e-44c4-a14d-6702ea90f496,sunbird
f:baada8b1-e62e-44c4-a14d-6702ea90f496:a99bec5e-8d6f-4570-bd0c-96c226690c0e,baada8b1-e62e-44c4-a14d-6702ea90f496,sunbird
f:baada8b1-e62e-44c4-a14d-6702ea90f496:4c3694ba-5f3c-4c9c-a2d9-1c95ff6d6e05,baada8b1-e62e-44c4-a14d-6702ea90f496,sunbird
f:baada8b1-e62e-44c4-a14d-6702ea90f496:0c519024-1646-45c7-83cd-8d649970205d,baada8b1-e62e-44c4-a14d-6702ea90f496,sunbird
f:baada8b1-e62e-44c4-a14d-6702ea90f496:b2f0dae1-9bd5-4db3-8f87-7d25e7b96d07,baada8b1-e62e-44c4-a14d-6702ea90f496,sunbird
f:baada8b1-e62e-44c4-a14d-6702ea90f496:4a5a8079-17b1-458c-a91f-3e85ad488881,baada8b1-e62e-44c4-a14d-6702ea90f496,sunbird
f:baada8b1-e62e-44c4-a14d-6702ea90f496:a13b4923-db1f-4333-9d04-ac2297fc6c54,baada8b1-e62e-44c4-a14d-6702ea90f496,sunbird
f:baada8b1-e62e-44c4-a14d-6702ea90f496:ffa43b42-0193-4056-8546-1dae0fc7bf27,baada8b1-e62e-44c4-a14d-6702ea90f496,sunbird
f:baada8b1-e62e-44c4-a14d-6702ea90f496:a5fbf1e4-fbf4-4a8c-bd5f-8ee4b7b42e79,baada8b1-e62e-44c4-a14d-6702ea90f496,sunbird
f:baada8b1-e62e-44c4-a14d-6702ea90f496:4488de9a-0b2c-4137-a6da-72f6982aa939,baada8b1-e62e-44c4-a14d-6702ea90f496,sunbird
f:baada8b1-e62e-44c4-a14d-6702ea90f496:3cc1a3a9-8c57-4ed8-a9a7-2aa989288a43,baada8b1-e62e-44c4-a14d-6702ea90f496,sunbird
f:baada8b1-e62e-44c4-a14d-6702ea90f496:37e2581a-f8f5-4683-8b2e-b55d54643ad4,baada8b1-e62e-44c4-a14d-6702ea90f496,sunbird
f:baada8b1-e62e-44c4-a14d-6702ea90f496:007ac338-2267-4824-9cc2-70b1206ffe42,baada8b1-e62e-44c4-a14d-6702ea90f496,sunbird
f:baada8b1-e62e-44c4-a14d-6702ea90f496:1059f6c9-45fa-46ce-8bc3-55e3799baf5a,baada8b1-e62e-44c4-a14d-6702ea90f496,sunbird
